"id","author","year","title","category","stock","price","rating"
"ZYL8GcCIs9EE36eCeFAD","Jonathan Vaughan",1952,"Defense chance","stem",10,201.64,5
"LEcNQlV5ugewXBc1gtiz","Brian Combs",1970,"Surface seem you","non-fiction",14,82.47,5
"M9K0cbMnxnaoAG5hQviW","Ray Torres",1960,"Eat interview","non-fiction",1,286.11,3
"Wy3BGQuQ4LFi888JdjDI","Joseph Young",2013,"Recognize agency","biography",9,289.49,2
"3tEYfOfMNi7BJZFXwis4","Robert Herrera",2015,"Personal example","fiction",18,103.17,5
"EacNcOWiCdpqr2Tk1Rxt","Abigail Green",1937,"Try likely discuss","non-fiction",1,84.47,3
"xv97ukPPgCeo3HDRw1eC","Carolyn Wade",1959,"Care kid blood film","stem",14,46.96,3
"DWe7pBUOTsn0ANyZH4y4","James Hodge",1978,"My fly itself teach","fiction",20,252.57,1
"mYo1gHwtcA1HIMqSeCYm","Jonathan Vaughan",1982,"Onto drive many car","biography",12,47.71,4
"vDcJlpC8E8cIAVuEPQiS","Jeremy Murphy",1982,"Account man focus","biography",16,155.69,3
"1INSHwY0ak3VWMGOFLPi","Abigail Green",1959,"Friend kid fill","stem",18,185.82,4
"uj4RWtyuJ9rO8XBhjy3U","Jeremy Murphy",1963,"Join within month","biography",11,88.37,5
"c6wUIa9VGT7kto2cQCM9","Joseph Young",1965,"Apply chair later","non-fiction",18,20.1,2
"cFeq0hD9KuESVqf1M30B","Leah Kerr",1920,"Stand respond value","biography",18,36.7,1
"KPnaOMbtJYpmwYF7k1hf","David Winters",1998,"Reach firm","biography",12,200.99,2
"xNfI1k7ZV0tj6kd8YmwI","Derek Wilson",1987,"Around institution","stem",4,86.12,5
"uHQICu5lqFupRY43aVXg","Jeremy Murphy",1930,"Race product","biography",6,60.08,5
"tPYrGyAaP8vJ73WlyQs3","Abigail Green",1971,"Need never economic","fiction",16,290.89,1
"3n2DfXWq6MqYuAKLB5BL","Zachary Jacobson",1975,"Success candidate","non-fiction",2,145.87,4
"BvfzMgV1fY1UBPRIYwmD","David Winters",1940,"Mother when half","stem",20,129.97,4
"X24eapkpTJuDmooPYEIb","Carolyn Wade",1907,"Mind science","stem",0,263.57,3
"hRwc2jHKszhxfafaELuR","David Winters",1919,"Oil response close","biography",17,131.84,2
"RWepHTcw2I7z7Knj6CfL","Jeremy Murphy",2003,"White some audience","non-fiction",7,70.38,2
"q7iSr2CczrWAbO73wV8C","Veronica Williams",1941,"This capital","non-fiction",16,173.49,3
"qJwxmVUooQuIpvVfD23R","Derek Wilson",1921,"May cold remain","self-help",20,261.36,3
"aTdAeiadcyahtETARsBE","Brian Myers",2018,"As arm bag will","biography",7,56.73,1
"F1ZJ4MMFfqAvM3dQTFX6","Derek Wilson",2007,"Seek health your","self-help",20,203.15,1
"XTWfzB5fleqKQYhpDNhq","Elizabeth Mack",1914,"Effect difference","fiction",7,149.39,3
"uoggqpsJdqP41L9OWqLp","Tracie David",1995,"Image budget son","self-help",6,104.73,4
"NjtayUuXFRtu14kgtViD","Robert Herrera",1951,"Statement claim","biography",18,232.0,1
"UHmNLLd5PdsHYcPCs0dF","Carolyn Wade",2004,"Two mean present","biography",18,271.94,3
"paRNlardinyc9CVpINCY","Leah Kerr",1948,"Production three","biography",4,73.44,4
"NmrlzD6iKP5dp78V1ByI","Ray Torres",1927,"Bag among then","non-fiction",15,133.99,1
"U0ptytF72qHX9N6Xt3Nh","Vicki Simmons",1932,"Task task rest poor","stem",5,135.21,2
"mtSr7X8aQA9O5PkZa9SL","James Hodge",1998,"Worry inside must","non-fiction",8,238.78,2
"vQKzd6kAzQ4oB876IGtd","Derek Wilson",1995,"Who organization","non-fiction",18,221.07,3
"AhSKHFYjBjTNFkP9bzGV","Ray Torres",1968,"Help former tend","self-help",2,124.65,2
"4NUu3QqRGp6jjREZ275X","Veronica Williams",2013,"Son issue maybe","self-help",20,25.53,4
"UtfrV6O2cSlQ5klALATV","Brian Myers",1991,"Democratic trip","stem",2,50.21,1
"gj7mlZNwTrc90nkoneNh","Abigail Green",1947,"Nothing civil","non-fiction",12,215.79,2
"gs1G95fsVrFycvC39Gyj","Joseph Young",1964,"At work film","biography",4,20.14,1
"8O88chpjLeKJkUpPm5K6","Zachary Jacobson",1912,"For several office","stem",4,172.07,2
"zko1UDy1R3MqBFaRQKPo","Zachary Jacobson",1904,"Ten work store get","self-help",6,228.88,1
"9yEW98NEUzxyeNq2RVND","James Hodge",1941,"Realize popular","stem",0,175.23,1
"S8n6zMBG1RG64dB8Z5wd","Jonathan Vaughan",1922,"Late student style","non-fiction",4,288.45,2
"1rCCTAUTlQ5rD4qR08z2","Ray Torres",1914,"Perform Mrs policy","self-help",6,81.51,4
"8iWaf1vOiyRNvJWQCulf","Ray Torres",2021,"Major would meet","fiction",11,79.49,3
"zhs0AszImxva1g5dfkfJ","David Winters",2019,"Stock strategy","non-fiction",6,233.9,5
"xPSrSAV6DNExVCs3l7fB","Jonathan Vaughan",1939,"Style executive car","non-fiction",8,43.88,4
"6IFMAfBxAsA3UpWy9T0k","David Winters",1978,"Add early Mrs sure","biography",10,93.98,2
"iHHjgA0CU78nadnJ0vsJ","Elizabeth Mack",2001,"Mean television yet","fiction",15,284.94,1
"7Q641tqWmnHpERSDrZad","James Hodge",1981,"Girl worry American","fiction",1,68.79,1
"aBRL5w0rGRz5ucJEn52R","Elizabeth Mack",2015,"His effect alone no","stem",0,287.51,4
"a0u4JJXw346KWmSqBzrg","Tammy Leach",1997,"Game perhaps tax","biography",7,297.25,4
"22bsrN48kGpJVjsWh98n","Brian Myers",1909,"Guess per event","stem",16,240.9,2
"MbRkfh1swjF0uNrWsvEf","Joseph Young",1945,"Grow thank water","non-fiction",3,35.32,4
"OuPpNMPqWdfr2XLZ2Huv","Carolyn Wade",2019,"Relationship alone","stem",3,99.13,5
"MGlbd0PF5Z24wloK7E9g","Brian Combs",1984,"Beautiful share","self-help",19,127.86,2
"tqzxomG6QK0oJxc2oRbH","Jonathan Vaughan",1905,"Available popular","biography",18,185.8,3
"QvF6FncoM91fchLiM5Ov","Tracie David",1937,"Hour early build","non-fiction",19,228.53,4
"z7mqkDo4uwawmRFNquGd","Robert Herrera",1915,"Possible indeed","biography",8,25.45,5
"FERc1Tdq0q97qrFNrxXd","Veronica Williams",1930,"Program than","biography",6,228.35,2
"Eausmy7v3R0DOzBICy6x","David Winters",1934,"Western pattern","biography",5,176.53,3
"dxiaLoNeRs4jk31JNb37","Elizabeth Mack",1999,"Imagine improve pay","fiction",12,293.31,1
"5ilvPf3YGZgbw4ZMci6U","Joseph Young",1918,"Everybody suddenly","biography",0,298.7,2
"aHAe7B5p47mepEQns1Zt","Tracie David",1932,"Future live fund","self-help",5,51.25,5
"Hg0NsAo5Vj8j4f0EFL7Q","Carolyn Wade",1907,"Need pass part","fiction",9,298.26,2
"l333SIZimMAoZkVRFTdp","Derek Wilson",1949,"Lay well have hope","stem",2,124.82,2
"nmfp43o7zM5cbCBdnHFd","Carolyn Wade",2011,"Value worry ability","non-fiction",12,21.58,1
"absXDj0f7qTap7VHYfpU","Brian Myers",1966,"Pass forward edge","self-help",19,92.97,4
"hQyfVRhKeB4LmaLJAm3U","Elizabeth Mack",2016,"Peace another but","biography",8,172.62,3
"SUL6yq6Zh8xhJVFKP6HH","Tammy Leach",1942,"Art still list cell","biography",19,248.24,5
"9CVD4Y8NXKQ3mz31Q3m0","Brian Myers",1990,"Certain thousand","fiction",5,40.57,4
"TSJJgT6ALqcdg4SBXPUE","Steven Sanchez",1979,"Enough season","biography",19,122.61,1
"dbtPOxqF8uPnYzzYopqc","Steven Sanchez",2000,"Strategy seven yes","biography",2,99.59,3
"huA4k6tXqZimgUkOgyAA","Tracie David",1973,"Require particular","non-fiction",9,143.35,5
"eI7re67rOPQWD8ILrBwa","Vicki Simmons",1906,"American practice","non-fiction",7,183.46,2
"eJKGoH5BCMOdaTcFcUKj","Tammy Leach",1962,"Baby medical","fiction",5,170.6,4
"VY5vHj7KsF2kpIe55g0g","Vicki Simmons",1915,"My morning car tell","non-fiction",18,223.08,2
"rNVeLUYskG8WlKDT6zVZ","Abigail Green",1982,"Everyone building","stem",17,215.47,3
"W2OuB7dGsJHs1G9BZmiw","David Winters",1985,"Theory democratic","biography",15,135.09,5
"7pPRpyVsWZn8PqtgH0Se","Leah Kerr",2010,"Really attack life","self-help",12,60.26,2
"qBiphjSGExyjzf7665ar","Carolyn Wade",1943,"Someone none","fiction",17,136.62,3
"pF8CYd5xspKteUTTqlIV","Robert Herrera",1993,"Recognize my","self-help",3,299.98,4
"BqoJ2u25zGPjuNWUGMwP","Veronica Williams",1955,"In what policy cup","fiction",5,91.2,5
"Ga8OiJ4QHtNCNSbH4fAD","Tracie David",1991,"Know my let true","stem",3,42.35,1
"hNGBCRJjmMAOfxI6paEp","Jeremy Murphy",1994,"Learn beyond minute","fiction",12,240.22,5
"ZOwI9rUYjMtxkC3RUWT2","Veronica Williams",2011,"Order of activity","non-fiction",3,142.06,5
"kYaT9XqoVjMhi2xq3B87","David Winters",1937,"Deal consumer feel","non-fiction",18,154.0,5
"f3nPaBevS6QHz8pypeYn","Elizabeth Mack",2017,"Task billion effort","stem",3,99.13,4
"anUxj8NrjQrxNpwWXaiy","Elizabeth Mack",1989,"Financial professor","self-help",1,154.49,3
"cRsy4KehtgJwO6KmgjhH","Jeremy Murphy",1982,"Heavy name","self-help",2,77.14,3
"IJA0lZeCsFZT14Ksnpd0","Veronica Williams",1965,"By such sometimes","non-fiction",20,261.05,1
"DjBoxDQblwqPoPjKsixI","Abigail Green",1984,"Pretty off","stem",20,78.39,1
"3LCYsKZBULZw9Tk5KvIB","David Winters",1989,"So life interest","self-help",11,68.38,4
"63Y52kG8fNm72sjdjasp","Vicki Simmons",1934,"Purpose green the","stem",6,128.45,2
"xZJZpvmmYJYTYhkVxXsg","James Hodge",1948,"Century represent","self-help",11,44.22,4
"n0V65iN3FK4YXvmCt5iQ","Derek Wilson",1976,"Control dog since","biography",4,136.95,4
"VelsJO1uEiwXmsiQPf1q","Leah Kerr",2003,"Goal concern guess","stem",17,190.61,2
"LnpUyszo3pgM63RiuHY1","Tracie David",1927,"Commercial once","fiction",4,230.26,4
"YavGmF7Asp98ic5fRmBS","Vicki Simmons",2020,"Require write","fiction",2,227.66,3
"dfmPSbdOthKDFqyx9vQk","Joseph Young",1991,"Remember out court","non-fiction",18,120.2,1
"1uPCsy1aNeWVoYERZMPb","Tammy Leach",1919,"Information reduce","self-help",12,65.44,2
"neIPzcuIjQOKEKLXGA9G","Zachary Jacobson",1939,"Crime himself","biography",4,247.36,5
"DnFNKuTgvbiK0zrG8tcH","Vicki Simmons",1918,"Ability worker","self-help",4,178.34,1
"vea0VCstGmY0BRky4pgn","James Hodge",2023,"Hear world parent","stem",10,295.86,2
"lUkOF9iHD2ntas8GR5jU","Ray Torres",2002,"His address lay","fiction",3,90.89,2
"8QMlNsYZqvFIR5jaWoTr","Robert Herrera",2017,"Any possible","non-fiction",7,28.98,4
"gqxpdGaM0AwaOMyUv6DN","Jonathan Vaughan",1911,"Beat writer area","stem",10,15.64,3
"G6FPxfEwRmA8VW6NlJe5","Derek Wilson",1952,"Mouth require","fiction",6,143.46,4
"aI1VCwgAXyIkfaHJdvX4","David Winters",1918,"Rest game herself","biography",12,85.16,5
"R2PkKPVKI0lOp15rzyvz","Veronica Williams",1902,"Begin go maintain","non-fiction",4,195.22,3
"VdsZ5V76Bwpggyxxlxi5","Veronica Williams",1945,"Clear executive","non-fiction",15,28.08,4
"amwkFOXZLC6Et0ZVfFDJ","Joseph Young",1999,"Administration","non-fiction",20,123.06,5
"f9tuq07rzWKynBZjgIv7","Robert Herrera",1987,"Reality computer","self-help",16,26.93,1
"cvZf5YAHn9rq6AvnBer4","Brian Combs",1911,"Bar admit catch guy","biography",6,241.98,5
"J8gJXNNOLSLBAaayAWTn","Zachary Jacobson",1902,"Ground about player","biography",5,61.76,4
"IvPBdTvuNnUV2DOM7Fam","Steven Sanchez",1917,"Chair hit difficult","non-fiction",12,107.71,5
"Xw6UdZbCnvxjmPjGedKf","David Winters",1950,"Discussion seat","non-fiction",7,68.23,1
"ccqEZetKSCvjvUgvoj9E","Jonathan Vaughan",1994,"Doctor health","self-help",6,282.53,4
"ByAhTzaFPNipALtcgeFl","Tracie David",2015,"Check public grow","fiction",11,48.61,1
"ZtTRvJUtjljtyyFc9rxx","Carolyn Wade",2022,"Show ten add here","non-fiction",9,109.12,1
"5xaWwi833GcXWdTi7yl8","Veronica Williams",2004,"Point believe reach","biography",9,63.05,4
"E6L666MrqHyAgol9CqLH","Zachary Jacobson",1945,"Production type","stem",20,51.29,3
"kMDv2s8JWFCSScu99NTb","Zachary Jacobson",1985,"Party more offer","self-help",19,61.96,2
"y05AGscajCABOEtMDsT8","Veronica Williams",1924,"Organization agency","stem",20,116.66,5
"e6ZWpsTQAqZp1XT5PCTT","David Winters",1986,"Author memory often","non-fiction",16,219.79,1
"A8qVXjEfXho2AjGJX36W","Brian Myers",1915,"Include important","non-fiction",4,58.47,1
"gAyyLC6OUJbxUhXgYdhM","James Hodge",1961,"Just break end boy","non-fiction",2,224.67,4
"q5KUzw1MHLf5UZdFhdLk","Vicki Simmons",1973,"Bad activity","self-help",15,12.35,1
"6hNAr91GPK4xJDGF1iJy","Brian Myers",1915,"Specific available","biography",13,177.38,3
"YPAFPU4ACGwzVlGuJk9v","Jonathan Vaughan",2007,"Word community list","biography",10,154.48,3
"SWvHaySC5qZ1f5QzSzuB","Veronica Williams",1955,"Participant control","biography",15,221.02,3
"0lfwMzBcDuPNPMt1y0yA","Joseph Young",1971,"Sell ability bank","stem",16,243.06,4
"bO3QuwrpdhM4gnClitFN","Jonathan Vaughan",1929,"Grow fund argue","non-fiction",16,156.25,2
"6Gsv7NnPLfK8gYTNagcR","Tracie David",1981,"Trip before hot","stem",1,228.42,1
"Zzqwawl7nr9Xy5cwW9G4","Zachary Jacobson",1917,"Those condition","biography",11,98.41,5
"eoyOH1kFrRiPBTnKjCR2","James Hodge",1904,"Spend discover","biography",3,291.69,1
"MCNHTRDQvQuGoWsyl89n","Tammy Leach",1902,"Available","fiction",18,163.96,1
"rhQ5QoY5YHcgbv4Juo5s","Veronica Williams",1920,"Also tough question","non-fiction",12,293.3,5
"uk38zG22WhRY0Bhh9xI7","Robert Herrera",2022,"Method significant","stem",4,86.28,2
"EmjF0mWMFO2mSuFrsUvb","Elizabeth Mack",1942,"Nature itself","biography",4,250.75,5
"CoAafS9kVGWp2F8Xv6l9","Brian Combs",2008,"Go site stage store","fiction",3,198.17,5
"BivVUhpFCjQb2xx1VyuC","David Winters",1948,"Stop without","biography",19,249.95,4
"5TJ4TF1cITtVC90fP3wU","Tammy Leach",1988,"Which help herself","self-help",12,155.36,2
"0xnVaIGpOLrqFCtaMWgU","Zachary Jacobson",2022,"Part security song","biography",0,66.69,5
"XLYIryJqK1Z8tUhmYp70","Derek Wilson",1991,"Race story his bad","stem",10,179.66,4
"ZwLj5Nt2NL9FYeCWNqis","Steven Sanchez",1916,"Hold read poor","non-fiction",16,124.77,2
"gCJAGOkjoyu7PhOrr45x","Brian Myers",1962,"Herself last yard","biography",6,62.4,4
"osX0Dj5beYKYdZ1r6UQr","Ray Torres",1921,"Specific agent","self-help",0,220.2,5
"bCtENnk3imMbyCtiWcVI","Tracie David",1979,"Yard back represent","self-help",1,137.63,1
"DBURsTvdiccnM8IqIimd","Derek Wilson",1947,"Relate how their","fiction",4,150.3,1
"9YXEJ4P7spouihQukOMd","Joseph Young",1940,"Office accept box","self-help",3,229.64,3
"iPC4yOO8rDGqaKG9VsIB","James Hodge",2009,"Take probably race","non-fiction",10,200.63,5
"dziJH7SrRwdTjLXIrRgg","Abigail Green",1900,"Husband take before","fiction",0,51.18,1
"mSFeodtXd5IKgQqhKKK7","James Hodge",1991,"Theory possible","self-help",16,116.51,1
"kJhuVZY7B1oPpnzJvU9T","Abigail Green",1924,"Hospital bad act","self-help",18,176.54,4
"q7JpNyzvwbGT7hPBnjtr","Joseph Young",1906,"Hold true need","biography",17,234.08,1
"sDOXEL8WqeknmADLdtoy","Ray Torres",1995,"Movie foreign","self-help",10,227.47,3
"PUq2KnOo8TqZSKAzTl6b","Vicki Simmons",1930,"Receive yard big","biography",14,289.61,3
"9wke5kpuDPT9mvAipnJV","Jonathan Vaughan",2014,"Early cup sister","non-fiction",11,284.1,2
"GkHB4nBEhLoZcUyqlyDy","Brian Combs",1935,"Have environmental","biography",11,246.68,3
"4nPoXjXXCJTmUjuPiN4B","Jeremy Murphy",2018,"Hot health lot","fiction",6,174.53,5
"VGjeT279OlwZeiD6e3fi","Steven Sanchez",1920,"Especially step","fiction",18,116.1,1
"QC1Pa78s5DGaj3PXSLmC","Leah Kerr",2010,"Economy like","non-fiction",0,264.08,5
"BMHRmuwwAdVR1rpa4bbq","David Winters",1901,"Quite similar hour","non-fiction",18,90.47,1
"DoFNsejsZYqU1M2PUUii","Elizabeth Mack",1974,"Stay best worry","fiction",3,114.54,5
"qJD1AaVgcAfUAxZOsVXQ","James Hodge",1955,"Continue open","biography",13,61.09,5
"HApde9GdO9DzZYJ6BMy8","Leah Kerr",2012,"Service type space","self-help",3,60.13,5
"W868rtJt1H3ZCIVpFPpp","Joseph Young",1983,"Similar up father","non-fiction",17,248.67,4
"74GZ7suUMOA3PSM0I0Lj","Tammy Leach",1947,"Whatever treat food","self-help",5,101.45,1
"4aVMUm0myq4CpsaRxvz7","Tammy Leach",1935,"Wear me interesting","biography",0,285.06,5
"Y9k5NTTX5KrbTOf7BVl1","David Winters",1924,"Become customer","non-fiction",10,27.62,1
"4WjSMKjncqULZpZyiomC","Joseph Young",2007,"Simple final","fiction",15,93.32,1
"JKbcl9xVa59y1XsEjWef","Tracie David",1932,"Probably must","self-help",2,212.07,4
"ZObv1jBfBgJhnb0A1Y0H","James Hodge",1949,"Along amount much","fiction",16,151.2,5
"FolGg2L06U1HR103zujS","Robert Herrera",1995,"Take page once","non-fiction",15,11.95,4
"DaFGz8ipCx3AKlJPPnHp","Brian Myers",1947,"Table in deal idea","stem",9,67.99,4
"O73wGSNdoAxx8QMFVt4s","Joseph Young",1957,"Grow group if arm","stem",0,114.68,4
"irDJZ6xqyxwKkIknBO5Q","James Hodge",1971,"Near grow make","self-help",0,297.58,1
"ui0uMn77OCY1ZuPEXbje","Derek Wilson",2013,"Knowledge industry","biography",8,66.43,1
"XVroxHSeTwwo8SVEzuw9","Derek Wilson",1927,"Message rise","self-help",3,80.59,5
"7PSzyWCThv3Al4oEx8zI","Vicki Simmons",1996,"Foot be beat","stem",2,96.54,2
"gJvYbYZBiQe0XfpIMi2x","Jonathan Vaughan",2000,"Last last statement","fiction",16,239.71,1
"0WUweN4QVvTsHKTUd2QM","Robert Herrera",2022,"Growth before","self-help",18,297.66,4
"6kfPS5LrWQFteUgMynRg","Abigail Green",1924,"Somebody ask try","self-help",7,227.94,3
"an2TafM5Dc0BxAYXESoZ","Robert Herrera",1910,"New its their agent","fiction",17,123.99,1
"GI0KMytepZMWT1MAGMR1","Tammy Leach",1975,"Price computer must","biography",0,51.55,1
"9A5qHNE94rTdKbmSquGE","Ray Torres",2014,"Behind management","fiction",4,282.7,5
"KVdUe6f7sJaEwSwCNgBz","Elizabeth Mack",2003,"Parent his law","self-help",10,264.4,3
"TKmCWtLXYcpO778B2YMn","Vicki Simmons",1917,"Loss class size","stem",18,290.43,3
"34YOoZcFZ81GfjJmSWWW","Carolyn Wade",2020,"Yourself one none","biography",13,183.96,3
"LdpAVirhIo2FYHEOIfHO","Zachary Jacobson",1965,"Well few after form","self-help",2,225.71,1
"kqfqOaXampIk3GGkZgRm","David Winters",1974,"Choose call case","biography",15,221.56,4
"3wTc0FdcV4AbGyAgB351","Jeremy Murphy",2018,"Site contain blood","fiction",2,143.23,2
"cxWqu0dxmi9wLcaG6US8","Leah Kerr",1908,"Represent third","biography",12,214.11,3
"pIJ2Slr472ZmIAHa8ZqV","Tracie David",1999,"Five range best","stem",14,84.57,4
"KIJwYWp5GfDf0uovLaLh","Jonathan Vaughan",2022,"Next create send","non-fiction",20,124.27,4
"idtCOZYBVtzOTkx3kLL0","Robert Herrera",1982,"Late stuff federal","biography",5,159.99,2
"lPuhQgguYb4VMu9p9GG7","Jonathan Vaughan",1920,"Alone effect bag","non-fiction",15,294.49,3
"z0abssI7oyAfoOAhTI8a","Tracie David",1939,"General president","biography",10,137.95,2
"NpJqppe3PusjF8hIWP0K","Carolyn Wade",1915,"Green here beat","stem",10,210.97,3
"eqYZYgRoPF4JeDQZOpgp","Zachary Jacobson",1908,"Reduce total by","self-help",19,176.97,1
"Pxi8JCZQEjkHd9iWP1lK","Joseph Young",1930,"In event cost lose","self-help",19,51.65,3
"wZy6IuqQcXZ897osyHUY","Jeremy Murphy",1944,"Become authority","stem",10,172.67,5
"zBZfpM3RCvPTBQD1orZB","Robert Herrera",1995,"Before establish","stem",18,202.51,5
"k06M9114tEJyySyFZxJ4","Vicki Simmons",1999,"Fly create lot","self-help",11,192.34,5
"3Kbv8JzuXRLF7BIMqjcq","Vicki Simmons",1983,"Rather human","fiction",3,164.18,5
"6Q9s682b4ClwIoIubupj","Brian Combs",1942,"Many serious work","non-fiction",16,69.99,1
"yi2UG0wFF4WUhktfHsAs","Leah Kerr",2005,"Responsibility","fiction",6,185.87,1
"jABH47Fmx8hRRWOOzK3Z","Jonathan Vaughan",1958,"Deep check","non-fiction",20,216.31,3
"OrBwqYt0tYB64FiEVNcQ","Joseph Young",2018,"Ground side eye","non-fiction",12,61.06,4
"tzOjLItZ505VOTJ0oMzR","Tracie David",1930,"Black quite simply","self-help",2,128.58,4
"0PhlMbIs3uHMQlfBeAF3","Carolyn Wade",2011,"Law campaign part","non-fiction",18,260.78,5
"w4rrs3cpNxFGgJbOYnwV","Robert Herrera",1937,"Author until deep","fiction",2,173.05,5
"AZLZ6rsPd4xJIyZE56JP","Tammy Leach",1996,"Act nearly","fiction",17,146.78,3
"gLDuPl7Ycn8wslUMEmld","Ray Torres",2005,"Fly form discover","non-fiction",17,163.6,2
"NfLtdW9WKp2x35IdNDxj","Robert Herrera",1983,"Rate inside Mrs hit","fiction",17,140.19,5
"PaITIGV4WR47FIECJFh1","Abigail Green",1963,"Rich dinner source","self-help",5,227.95,1
"4RfQ7PIAp0otdaWFIqka","Robert Herrera",1990,"Enough fight fill","non-fiction",17,272.71,2
"wZHukZhqoNs94l2hZ4tb","Tracie David",1976,"Tell very resource","biography",2,43.76,1
"bx4u6dGth6cvi3hLO0YM","Jonathan Vaughan",1933,"Daughter most thank","fiction",20,258.79,3
"uVsa2ihX1JfHlwy2DAsv","Brian Myers",1914,"Trip result of son","fiction",12,134.03,5
"3lDQFl9OtqfxJXjhZZEf","Steven Sanchez",1998,"Or cost perhaps","biography",2,115.87,5
"lY4FYmS8y4s3suSW6JJl","Tammy Leach",2024,"Realize cold time","non-fiction",8,95.88,2
"CecgU6gdPydSrobIg0hK","Steven Sanchez",1946,"Issue foot east","biography",0,292.57,5
"JeBifoIS29eRvhm8ug2X","David Winters",2010,"Themselves","stem",11,57.58,4
"Pt5FIYc2yuPQzzjEbQR7","Jonathan Vaughan",1931,"Again trade former","fiction",11,65.66,1
"ZufWwQrUgLmuSAWfn16g","Zachary Jacobson",1958,"System development","fiction",6,174.06,1
"0AXFxrWWbocjvCX0IX5R","Brian Combs",1990,"Bring red gun","non-fiction",9,124.23,1
"Xp0EFSvIAp4SspuUMGAS","James Hodge",1979,"Drug off power note","self-help",8,191.78,5
"Bkb3wkN25s3muQL9kySY","Tammy Leach",2017,"Call as per","self-help",17,143.15,1
"rOQCj9t7o3FmEmGTg8bU","Ray Torres",1994,"Hand suffer next","self-help",6,288.38,3
"za2S4nYgzWob5ISKw0Zu","David Winters",1946,"Article north start","biography",18,219.93,2
"qYfdFZ6tmujAc8Br84L9","Tracie David",1961,"Before chair cell","biography",19,279.23,1
"2yDeFaOZJi9JNk4KWsh4","Brian Myers",2016,"Stop military","self-help",5,117.22,5
"Gsbn9eJxvPdEOWOHoXJ0","Elizabeth Mack",1944,"Increase call","fiction",5,161.5,1
"c8Q6oNAM8EYDYNLoX1Bt","Leah Kerr",1976,"Practice blue","fiction",12,51.66,3
"I6yfSdNJMfYimYApiNZI","Jonathan Vaughan",2018,"My final myself yet","biography",10,150.51,2
"u3KvO8eJ7Y66dV63Yhaw","Leah Kerr",1941,"Per whether out","biography",5,287.6,3
"SoCZ55iCVpQwYHRIUIgR","Tammy Leach",2021,"Player travel","stem",4,172.48,4
"tNTFNlcjRb5ZrXjmzr01","Tammy Leach",1963,"Hotel now law local","stem",12,54.33,2
"C2DvMXLdAZmla9w1uUIY","Vicki Simmons",1931,"Form able Democrat","biography",0,259.15,1
"BYdDxCvbWwtJQPKWZe0i","Elizabeth Mack",1962,"Paper fact","fiction",5,30.74,5
"kRrtVBVPlxDnZ3khO5GQ","Leah Kerr",1908,"Inside develop","non-fiction",7,98.35,4
"xMahpEbwU2rWuDCEPNA7","James Hodge",1927,"Race responsibility","biography",12,291.66,2
"b9qN7DC4WgqEUYE1FOj3","Robert Herrera",1978,"Civil store ten","self-help",0,101.82,4
"7WUt4vGjrkjeBjKpYaah","Tracie David",2003,"Attorney health","fiction",8,121.85,1
"khtBHNHEUfsrR6hYzReN","Tammy Leach",1935,"Actually shoulder","fiction",19,21.71,1
"SxQrn7i0IrksWhibV2zC","Brian Combs",2008,"Ago why across","fiction",17,21.75,3
"IdZdoom6q4xWtAOXy891","James Hodge",1975,"Generation family","stem",4,108.71,5
"Dpn9Dpffrgia1mfscsFm","Vicki Simmons",1971,"Prevent whatever","fiction",6,269.38,5
"8XZe5YNIua6lUpZIIezq","Jeremy Murphy",1997,"Near effort create","self-help",0,178.52,1
"SQ8wH1DDDXCaUtfOcF4Q","Brian Myers",1970,"Also race amount","stem",11,175.24,4
"fmq4Jt9Xpnh4ps4eFkQT","Carolyn Wade",1904,"He PM cover game","biography",20,251.67,5
"6LA6jWv0pGz7GVDFqwK2","Jonathan Vaughan",1983,"Commercial deal","non-fiction",12,111.52,3
"mpXuNJgzjGYpREDau264","Steven Sanchez",1938,"Feel later","self-help",17,110.15,3
"UeM7zZcq6cN4EEPJ2NQI","Jonathan Vaughan",1990,"On test member","non-fiction",9,154.49,3
"AKbc0AMEHogmbKltNrXu","Leah Kerr",1937,"Talk until director","self-help",9,52.66,3
"ivMrt8NsVZHDainm1Ko6","Tracie David",1939,"Prepare control lay","non-fiction",7,227.28,5
"sPx17d2s3ln46cTXKeLX","Abigail Green",1995,"Which yet nor","stem",3,199.36,5
"9WRQiWFfv5rgSkXrBFKK","Veronica Williams",1922,"Word play site","biography",9,27.11,2
"MOlgB0Muu62IyTRIa6Km","Steven Sanchez",2012,"Government yes","stem",4,227.54,1
"3N606i1eVGNK5tAU2oSU","Robert Herrera",1946,"Significant develop","stem",1,59.45,4
"XnsMIlgdeI4bscqOggDI","Brian Myers",1980,"Class year realize","self-help",5,261.27,4
"W9WQ5AzagrQfeFJYF0c4","Brian Myers",1954,"Box order sure","stem",7,276.95,4
"Vy6InRn5ApyPdPvSXIWl","Brian Combs",1960,"Police involve","self-help",7,145.9,1
"utX2xuDQFyU28LTL2Er0","Steven Sanchez",1939,"Organization send","non-fiction",11,195.89,2
"myAt0vjaZ0huOmSNmrWk","Jeremy Murphy",1946,"Truth hand minute","self-help",13,174.97,1
"pl6PWx0YrGbbXO77rNf0","David Winters",1924,"Inside draw","non-fiction",11,295.18,5
"QTmE83PIeKKdJAOjzaQ1","Robert Herrera",1967,"Full likely guy","stem",5,292.94,1
"SkVDfbkMt7rhzAKjgmvz","David Winters",1925,"Something half","non-fiction",6,236.0,2
"V0N7jglkvPFWCIvZxbII","Steven Sanchez",1914,"Walk become prove","stem",8,130.36,2
"PjkmJYUCcAWWUiALBV0b","Joseph Young",2010,"Owner firm front","non-fiction",16,28.49,3
"4N9tpeVZNqC0n2XhX3HE","Joseph Young",1952,"Why style","fiction",10,236.26,5
"Q0zNkkAXvvWr51yolofC","Vicki Simmons",2022,"Guy respond father","fiction",18,230.88,1
"aHDyNUHb6AujOtbHA0Gq","Leah Kerr",1939,"Simply item foreign","self-help",7,12.62,1
"cqb9aCfLHmI9dK7gVL8C","Veronica Williams",2007,"Unit church must","biography",12,190.71,5
"LPWRdm2UXtD3VcGrAbXx","Tracie David",1986,"Bit hard page","non-fiction",18,142.24,5
"URRQF4AfBZOx7GX4WxUJ","Elizabeth Mack",1924,"Sell decade car","stem",17,104.86,4
"fa9nDWBilgrjcAeMD5p6","Veronica Williams",1918,"Treat against guess","biography",13,282.12,3
"xViHb13q7gYmLrukhLDi","Brian Combs",2017,"Break friend my","fiction",7,163.75,3
"Z6wc5b7YkDEl4JdpOCTf","Abigail Green",2016,"Toward recently","biography",8,52.68,1
"y01oKG7KuoljS6Qctld4","Tracie David",1932,"Listen hospital","self-help",5,243.26,1
"UxoDsuCgbiLSzqGQ5Fg6","Tracie David",1943,"Forward light early","non-fiction",11,285.86,4
"toHvQFIoCehRA3OsStWn","Brian Myers",1908,"World lead","fiction",4,119.07,4
"LBd85U0BGNxGQYzLFasd","Joseph Young",1931,"Young well little","self-help",12,292.26,4
"RseKQEiijYSoUREKjqB4","Tammy Leach",1933,"Discover far","self-help",8,17.94,5
"Yy3hrwjw5LWppoSkIOa1","Derek Wilson",2024,"Pattern reach","self-help",9,52.89,4
"mA422MjvvfU00gGWggV5","Leah Kerr",1911,"Check church","non-fiction",2,83.98,3
"qC7auEINZSrx00X5ox0n","Joseph Young",1934,"Fine clearly pretty","non-fiction",13,136.31,5
"XFmDqN0ntnOc4O0d1qHF","Tammy Leach",1937,"Community source us","stem",8,298.68,5
"qfekEvnOseMZd2MyMgyx","Brian Combs",1975,"Way far again","non-fiction",9,125.29,3
"Dsf15uf6l08DN2bKqowe","Abigail Green",1931,"Yourself over","biography",12,259.67,1
"LhPyzy9uaTyfqv7Uwx4R","Tammy Leach",1964,"Book herself new","non-fiction",7,127.54,2
"GLFNStVSJ0XBKEwSS4cg","David Winters",1939,"Follow good carry","fiction",4,259.09,2
"zQZry7eOWvzu0eU6mYA8","Steven Sanchez",1925,"Accept ever past PM","self-help",14,148.84,1
"cDRb1gDcKUus90y99fHZ","Joseph Young",2019,"Head boy never long","biography",15,127.82,1
"dDOonQMKdRvEf97DNrXS","Veronica Williams",1926,"Actually their my","biography",7,105.57,2
"T32uDv36bYnxFVORMpWX","Ray Torres",1914,"Sure small future","stem",11,163.69,3
"ZJIgdJQ5uZHYKovDpbnN","Tammy Leach",1948,"Form cover Mr among","fiction",15,142.42,2
"7Slt4ektbSvA15f1GvWs","Vicki Simmons",1985,"Example practice","fiction",11,41.06,1
"1LQAvnYcTXl9Y8MdKxdm","Zachary Jacobson",1978,"Top what person","biography",12,63.89,5
"QjVxVnWflv9JIPV2JU1g","David Winters",1916,"Traditional morning","fiction",11,228.15,4
"LKdFPjPcoar3znSfbwqu","Abigail Green",1974,"Despite suffer upon","biography",6,230.18,2
"Wr2GH7sF3ZKLFtFwkiUr","Carolyn Wade",1910,"Natural six soldier","fiction",17,12.8,4
"hK7FeaXKMOr7YP1VpVJH","Robert Herrera",2015,"Project realize ask","biography",9,287.52,1
"FjHQ8KlgQLNJzi23UgEx","Jonathan Vaughan",2005,"Will including","stem",20,95.76,3
"qLlB6qJu3Hfk0404yK48","Tammy Leach",1973,"Arrive majority","self-help",2,124.36,5
"X4PXb2y4nTv89eay6mKV","Robert Herrera",1900,"With walk must risk","fiction",12,151.58,5
"6vXBNWxqZvL6sHy0cXG4","Robert Herrera",1928,"Man TV","self-help",6,11.18,1
"AI62ebG5DRlhVIALWfKb","Brian Myers",1948,"Reveal worker very","non-fiction",1,264.45,1
"25JDzXIM8JIHEaDcVHmG","Derek Wilson",1956,"Fish response fast","biography",20,299.56,5
"gqsnHfqOMxlddjWO0HkK","Elizabeth Mack",1933,"Safe care edge","non-fiction",10,157.3,4
"McHjpodDZHhZipy67ePI","Steven Sanchez",1902,"Worker outside","self-help",9,193.72,3
"ywRJYHI4rIKblSHlG4Nh","Brian Myers",1987,"Dog order bit home","non-fiction",16,118.93,5
"DdH0kVCrXwrjHVLu992R","Jeremy Murphy",1927,"However three they","self-help",1,28.75,4
"I6aQZrCrJjxpYw95tZkW","Carolyn Wade",1950,"How letter approach","non-fiction",17,237.94,3
"PgG2qfrNa0OUTngmfTuD","Tracie David",2022,"Attorney for allow","biography",19,38.11,5
"REcFteBg5b6RvfncErkr","Robert Herrera",1950,"Form particularly","self-help",14,62.83,4
"HKdWV0bYRQAMrq42ajeI","Abigail Green",1902,"Gas agency size car","non-fiction",19,231.34,1
"V3nB8CVxtZZMswouYSWG","Zachary Jacobson",1978,"Water reflect","non-fiction",13,189.27,3
"FDb4Bu0GW54QrkhkXmnu","Leah Kerr",1908,"Serve for sign","non-fiction",12,150.5,1
"v7NSrVQiiBbauFQW78H8","Tracie David",1995,"Quite about teach","stem",15,97.96,3
"8PPzw4Yqh8ekzj2p7NL4","Carolyn Wade",2015,"Key office consider","biography",15,295.93,5
"b5ekmpbC1uTOCPSGYC9X","Steven Sanchez",1951,"Instead popular","self-help",14,167.66,2
"7euRtYYmH3PVAp8QalbO","Steven Sanchez",2021,"Employee rise","fiction",11,77.73,3
"Rv8BazAh1rQbXfa6a7jl","Jeremy Murphy",1953,"Actually big step","biography",10,89.21,1
"kQvZNBqPl6SF685sPdGz","Steven Sanchez",1927,"Without from","non-fiction",5,189.53,5
"Pi4PREW8ukDjoRVHCsfA","Tammy Leach",1915,"Key the that mind","biography",5,159.96,1
"lIlOI3W36Vm9bqu9Pztb","Robert Herrera",1941,"Baby environmental","self-help",0,299.54,5
"8kZU8FLcsrVdQI0zuTvy","Ray Torres",1978,"During personal","non-fiction",3,47.96,3
"vik1IpwjdDFICiaeWiMl","Tammy Leach",1933,"First number garden","self-help",8,138.14,2
"1F9SkcO086va1SRGm3Ei","Robert Herrera",1925,"Civil rest hear son","biography",14,86.48,1
"V1gewo1WIRwaNbXohrat","Zachary Jacobson",1980,"Sort raise compare","fiction",3,170.14,5
"khoAEh1eHlzYDTFsyYRM","Elizabeth Mack",2000,"Several stuff piece","fiction",15,205.64,4
"auJotDrUyAxoKjUvU2mk","Veronica Williams",1953,"Across everything","non-fiction",2,262.1,5
"0eiKW2EExWJTK8vxmBLK","Elizabeth Mack",1904,"Thought sport","biography",8,160.92,1
"tWRsZtHLh8Yg6voizk5E","Elizabeth Mack",2007,"Page behavior","self-help",2,50.8,2
"yTAJf6eSVqBvANG7pQ7W","Joseph Young",1957,"Source watch say","fiction",8,73.72,3
"MP2HxmU5ncODkoP30ysR","Steven Sanchez",1919,"Discuss store","non-fiction",5,96.68,4
"hdSxq7QnTQw5Qlzd6VPl","Elizabeth Mack",1900,"Himself do hope","self-help",19,267.97,2
"QAsP3kSjPW1LXL4trARL","Vicki Simmons",2023,"Five design with","self-help",19,57.63,4
"gh5fpeoHGSd6fiDO3zT8","Elizabeth Mack",1935,"Word require","fiction",4,246.03,5
"g6Y21lsZQHmdLwZFmEmL","Abigail Green",2019,"Pretty thousand","self-help",14,32.12,2
"2LYKfTuVRXKzuUdtsZFH","Abigail Green",2010,"Modern measure long","stem",4,25.63,5
"xmPmhGIqm9mGJyzuGKvH","Brian Combs",1939,"Second executive","fiction",20,290.02,5
"ENIfeIWcqtXiUzufbsFB","Jeremy Murphy",1919,"Prepare leg size","self-help",2,137.74,3
"UjkwuUHGB3uhYiRTjTfh","Steven Sanchez",1905,"Real each where","self-help",15,226.53,5
"3IvQhSvc6S08SNPg8VDL","Tammy Leach",1919,"Relationship it","self-help",16,273.74,3
"WxADqurdTxOqMRXdUg0K","Carolyn Wade",1968,"Week reason ready","fiction",3,176.67,4
"41QVwi1Zgsni889ptuIH","Steven Sanchez",1992,"Human the should","biography",14,129.57,5
"zyqDAUbjaKGNHxW3cFkW","Brian Combs",1952,"Answer protect home","fiction",7,263.05,1
"mgIgnjhgz0AYovsX2CJV","David Winters",1923,"Will economy week","self-help",6,149.35,2
"bzaHzO1gyDDk3oZavYm5","Veronica Williams",1907,"Reduce position","biography",7,24.97,1
"a3i6qBoE9U4S5ammA3nH","Brian Myers",2004,"Must quality rich","fiction",0,286.79,2
"3J7EvjorqSU0BMRAllAy","Vicki Simmons",1981,"Model east field","fiction",16,118.46,3
"hNSxxfdyZHf2Pxfcvtv7","Elizabeth Mack",1996,"Water any toward","biography",6,97.64,1
"VSRuN5XtQANB932i1YCJ","Carolyn Wade",1998,"Billion himself ten","stem",18,132.0,2
"rkLRbPeOP56HYyL19HtD","Brian Myers",1962,"Challenge tax","stem",1,87.98,1
"yeBjIkeb3lnbEblW74YA","Vicki Simmons",1998,"Piece lose itself","self-help",15,118.91,3
"PykZrdA5DBbeeVyhDbnL","Brian Combs",1941,"Doctor letter","non-fiction",6,43.77,4
"X6XRMw0kbWSAxwEG3xhT","Brian Combs",1916,"Court draw as act","biography",5,84.43,4
"lR7Iy8qx1hRviY1AQ35G","David Winters",1922,"Gas security wife","stem",8,258.14,3
"y3rnsVB53WZkHzXMJCfm","Vicki Simmons",1935,"Practice expert","stem",20,176.5,5
"dSDG0LNXXIWdSo6aZyGX","Zachary Jacobson",1976,"Final many","stem",20,268.33,3
"tCmS9WNIuerrOTaV2YSM","Brian Myers",1954,"Prepare allow","stem",16,42.87,5
"SzhpEiBJUjXyL6Bro5JZ","Veronica Williams",1939,"Safe one magazine","self-help",3,264.86,4
"SQDb81lHcmfAv9Cmnwg5","Abigail Green",2015,"Hand situation","non-fiction",8,250.4,1
"guZCoocD6xg5A4ubeEdX","Ray Torres",1938,"Method real TV term","stem",0,134.11,2
"aEzJAgXS1Inw995gUnKX","Brian Myers",2006,"Tree campaign","fiction",12,50.59,4
"OPLKUCBryIIQT7kg8nV3","Vicki Simmons",1962,"Force option feel","biography",1,23.18,4
"13RElDgc9kNvkOdDJvBW","James Hodge",1959,"Upon cover manage","fiction",12,233.24,2
"xA1uZqHK9Z1TwN9CE065","Joseph Young",1969,"Leave need director","stem",3,142.15,5
"AMcpXHIlRal8dDuH41Fy","Elizabeth Mack",1964,"Defense fast","non-fiction",16,111.13,2
"38MeGkTBb3TpDJGjk9rg","Steven Sanchez",2016,"Discover dark only","self-help",2,119.27,1
"RNiInFRLwlzlU9pCkTX8","Carolyn Wade",1917,"Usually","biography",1,27.07,2
"f7vhtEG62hOLPFXZPvt1","Abigail Green",1906,"Learn a beyond","fiction",2,31.42,5
"eJthdCsq7ehsm55a2Pnt","Tammy Leach",2013,"Pull song speak","fiction",10,216.56,5
"wnK9MrDmLGpja4M40uzb","Tracie David",2003,"Through film school","non-fiction",15,141.67,5
"37xyORTPbglbvA5YiTB4","Ray Torres",1943,"Middle lawyer","stem",13,61.64,4
"rUStXZKNe9lNnXPfwze1","Derek Wilson",1933,"Believe final us","non-fiction",11,165.41,3
"89piWnjeI5C5aXrG0fEM","Tracie David",1998,"Mother medical","fiction",11,108.75,2
"4IKMJWoAcj9EgZDKHjP5","Tammy Leach",1990,"Forward ask green","self-help",10,178.23,4
"F6XvcgmUVvurqbiQYMer","Tammy Leach",1988,"Authority new ago","biography",14,173.57,2
"qkatOcmjpd7oiyosXg77","Derek Wilson",2009,"Class despite deep","fiction",20,36.33,5
"DoIUPJGUAPQ6Rp8sSP5h","Ray Torres",2009,"Discuss course put","biography",13,201.46,5
"BbscoAlhtJz2F5PdQpBR","Derek Wilson",1902,"Behavior level one","non-fiction",18,24.6,3
"1Oxd25QZvYfetwy6Gok6","Leah Kerr",1909,"Road there glass","stem",0,172.87,1
"LQp3KuPbWxJ2kgQg2Cke","Robert Herrera",1954,"Everybody popular","fiction",18,257.19,1
"EdLn1HmQVgvBfgnFnIJr","Vicki Simmons",1965,"Charge politics","fiction",15,92.18,4
"h4gTNN4taQof72yqAOtB","James Hodge",1962,"Hospital gas rich","stem",2,124.75,4
"9Qdh8v92IsMXgvdaiMYZ","Abigail Green",1914,"Until fill movie","non-fiction",13,108.89,2
"SAlCHnZwnhppfR5CGQdb","David Winters",1902,"Address president","non-fiction",7,148.44,3
"3CJF2ZFkClyulZlaU30A","Carolyn Wade",1960,"Particular term","self-help",15,235.76,1
"xlNCedxHyDHJHREpMUe9","James Hodge",1906,"Always among three","biography",5,118.0,2
"09yq3LJsTRviGYG9GUuK","Veronica Williams",1904,"Clearly these happy","fiction",9,131.65,1
"jo9oY0hmMJdhuJiEIIiM","Derek Wilson",1997,"Mission find","fiction",16,165.4,1
"TrTwYeivtBvty1eZL5Fg","Elizabeth Mack",2024,"Box political there","self-help",7,63.11,5
"mckSve5Qi7uxAwI13yi1","Tammy Leach",1979,"Decide medical","stem",4,184.55,1
"RynAiD2QRMfld4LZIZAj","Brian Myers",2001,"Degree institution","biography",11,172.72,5
"SB4R2cUdXYSrNu6g1625","Jeremy Murphy",1918,"Easy hard too where","stem",12,49.65,3
"J2fhKLItZ48amdrWryK4","David Winters",1979,"School study party","non-fiction",18,118.46,4
"X3Hibb2gyd3nufBMA0iQ","David Winters",1902,"Real huge mind","self-help",1,234.84,2
"WhLN1aPsLA4MkCisLyQk","Steven Sanchez",1911,"Beautiful color","self-help",15,169.5,1
"sIBBzgvip8gJdkziILyH","Tracie David",1951,"Various into","stem",15,163.75,1
"zxjpAV2xqukh464yNzi1","Jonathan Vaughan",2020,"Item already ahead","fiction",14,153.12,1
"FtM8rimh1dexN8td2oaV","Vicki Simmons",2004,"System need may","self-help",7,153.96,5
"6GPN6ZoEeZVnEasgObai","James Hodge",1986,"Help rock religious","self-help",10,208.69,3
"X7iyjMfbbOZu4pljx9wO","Joseph Young",1980,"Beautiful dinner","fiction",12,34.37,2
"5K5zunuPEWNhbs7EeQkV","Derek Wilson",1949,"Behind anyone","fiction",10,234.28,3
"sZ4tYriVrTtuFWEY2sO7","Steven Sanchez",1903,"Run issue approach","self-help",12,94.91,1
"VlKfvND5o9jJn4zPwuKU","Leah Kerr",1990,"Through dream like","self-help",5,219.6,2
"KaiXaHnXvnVb9t5XfQj4","Zachary Jacobson",1926,"Democratic wide","fiction",20,298.59,1
"Nkhd0i31mFwuC6oq8owq","Steven Sanchez",1954,"Effort middle","stem",6,43.07,4
"MpZ3HZO2SP3tP3Sp60mA","Leah Kerr",2023,"Behind top PM","non-fiction",0,178.81,1
"xD7pdDK6jeDeCkxkulzv","Robert Herrera",2007,"Statement people","stem",12,175.1,1
"RO0dNH9jQk6KelDf5Ool","Zachary Jacobson",1932,"Onto safe share","biography",12,81.01,3
"qlWkOBZqRyTXzLgb8pZX","Zachary Jacobson",1985,"Executive student","stem",3,167.89,1
"8g4YFbv3CoYvExgJYeiR","Ray Torres",1988,"Turn knowledge","stem",19,231.03,1
"yM49bhDsnReRCkTez8in","Joseph Young",2012,"Top major what","biography",9,298.46,5
"nwJrIDwjpzif3xvZrIyB","Abigail Green",1952,"Rather purpose","stem",19,248.14,3
"8XHAtyzmnLNsYb1p5Jc0","Joseph Young",2023,"Since movement","fiction",15,217.35,1
"pRW1EWlHitQQa4yY1c4T","James Hodge",1943,"State reality or","non-fiction",8,94.15,1
"ePZIQyJi7rdInqY7f2ge","Veronica Williams",1936,"Southern receive","self-help",1,97.79,5
"M20nZL5mhN3zCuKnMupy","Leah Kerr",1918,"Understand music","fiction",14,268.26,3
"kVlxdrMkQotUrmBmrr4A","Elizabeth Mack",1927,"Usually especially","non-fiction",19,45.11,1
"iIiFduvZ9PmizU671zFR","Jonathan Vaughan",1987,"Player tell","biography",20,239.46,3
"BVpLQqkUUO0BHLZD4tWU","Brian Combs",1924,"Pay wife apply road","non-fiction",20,167.76,3
"517UMGaqohl508IWOrKq","Derek Wilson",1938,"By Republican game","non-fiction",4,180.25,5
"XLpwZ4HRlq0Qm9SkBmNI","Robert Herrera",1988,"Continue former","fiction",13,210.5,5
"Y9QpZUWjSqXBQoG45Ykp","Ray Torres",1907,"Decade hair site","non-fiction",6,253.39,3
"erYiPPmxnsbanu69rLtr","Brian Combs",1994,"Power experience","biography",12,298.06,3
"SPgLzdNBRTeTG3wNMGj9","Leah Kerr",2010,"Consumer statement","self-help",17,62.75,5
"Kdykf5fdsmeYNqxS40aI","Robert Herrera",2013,"Look certain recent","non-fiction",19,60.6,2
"xZ1eBkpxnMe6nLrb5zJP","Leah Kerr",1914,"Itself present sort","fiction",18,127.59,1
"MWY1vlTaHBMVs0s9EsAC","Vicki Simmons",1933,"Start industry","fiction",8,217.22,4
"ErvWyrmjPSSdl4KIcFbD","Veronica Williams",1912,"Join recent send","fiction",10,118.11,5
"w9JI5hGgZOcy1yTHSN6i","Leah Kerr",2011,"Cell guess sit into","stem",0,236.12,1
"Dq4rKVJlkPR9Dp98HRcM","Elizabeth Mack",1913,"Should central","self-help",5,37.71,3
"bwMUZMqWXiUICsioF1D9","Joseph Young",1958,"Buy cost money cold","biography",20,144.67,5
"AGLu0IC2BA1Qhrx5fC74","Jeremy Murphy",2017,"Raise top no until","non-fiction",13,19.84,3
"xHkxjGwfUttthaYuo0pG","Ray Torres",1982,"Assume fall here","non-fiction",11,190.98,5
"WzSjsIdEygEI5CBHoo6B","Elizabeth Mack",1939,"Economy throw","fiction",13,298.83,5
"Qc7fyr6ZMZAr9KJXRfvG","Brian Combs",1936,"Like deal buy","stem",20,136.34,3
"ICl7D6TPewzdvEO1SAWc","Zachary Jacobson",1983,"Meeting star what","stem",10,75.38,4
"PMUuwlx8w9280LYOVGnx","Elizabeth Mack",1976,"Wrong expert","non-fiction",17,203.21,5
"bBO1641uKR5jOJH8bhNj","Jeremy Murphy",1910,"Movement cause","stem",16,241.5,1
"qFcSk7GwDc1BV7Juve5P","Veronica Williams",1939,"Ten can loss","non-fiction",5,110.52,4
"w2UhLfaLozp2hkKBW23l","Vicki Simmons",1992,"Be add town compare","self-help",15,184.91,4
"GyoEyLWAyr5w4jndVSni","Tracie David",1997,"Others language TV","non-fiction",15,122.89,4
"G8ohY50nG6zyqzR4eBXz","Ray Torres",1922,"Impact difficult","self-help",20,154.73,1
"eTVWSwaAUALdXXPrEgfe","Abigail Green",1959,"Read career same","self-help",11,59.96,5
"cLjwlq1MyscUQUp6PNuI","Jeremy Murphy",1974,"Bit herself provide","biography",15,48.77,5
"ijj2EAp3CrNgNsmifBNH","Veronica Williams",1997,"Hear part purpose","self-help",12,98.41,3
"XEmO1wgYiwbajSewmsPl","Carolyn Wade",1933,"Accept example may","self-help",17,95.85,5
"MmAaSncKm7zWUOSiwwm8","Elizabeth Mack",1943,"Full politics","non-fiction",11,216.1,1
"oOMQtOdwEHowcmv92bXW","Joseph Young",1994,"Way could industry","fiction",9,172.12,1
"2DTaJX8CWRqE5aAlvEKB","Elizabeth Mack",1984,"Father case couple","stem",7,245.19,5
"pMhbHdNoRySU952IXU8F","Ray Torres",1997,"Mean wind very","biography",18,204.94,2
"aXTBe2PUGoNFJD589cJ6","Elizabeth Mack",2003,"In past tell","biography",11,247.0,5
"577h4CLm55LB8cUT8Yic","Leah Kerr",1943,"Several list third","biography",16,275.04,3
"purnbMLxH9ujZaq0rrwp","Brian Myers",1903,"Protect Democrat","self-help",12,30.88,5
"xzqGsX8iNe6ViJu5S6Ds","Robert Herrera",2004,"Family history","non-fiction",8,231.04,2
"l5ilrnUCc1MM7ZKKEQJl","Derek Wilson",1976,"Live occur east","non-fiction",1,295.32,3
"fHGazBCmC5ALewRtz5Hn","Jonathan Vaughan",1983,"Partner man his","stem",0,138.01,2
"QAecXhjxiZbLRfXxDUFx","Steven Sanchez",1944,"Wind step center","non-fiction",16,299.6,3
"r6X5G1Ag2eeL6lsi4H8W","Tammy Leach",1923,"Cup painting out","non-fiction",16,128.74,2
"9M5Nux69xxZvHWFJnh7c","Brian Myers",1928,"Interesting nothing","self-help",0,11.55,5
"L66X47e6iwniiYem8mzG","Jeremy Murphy",2002,"Like well food","stem",8,53.25,5
"fT7zRBijZD1S9X3aB0AB","Veronica Williams",1910,"Hair social Mrs TV","fiction",20,97.22,3
"S5KGz2WWz6odEZkGN5q4","Tammy Leach",1914,"Student control","stem",19,250.37,5
"ZcQlpw7JpdI1aWV5m76j","Vicki Simmons",1927,"Face arm project","self-help",18,287.46,4
"vBJGBcrR2zZa4feeg7NT","Elizabeth Mack",1925,"Seem beautiful","non-fiction",18,92.58,4
"EVsHNTicMGwMZW6iQcIV","Zachary Jacobson",1976,"Rate system meeting","stem",17,74.96,1
"Iq7YiWXIYcBYpdZiiyPI","Zachary Jacobson",2015,"Market politics","biography",7,191.54,5
"z3qQlaBbOEQcLXTad2vX","Robert Herrera",1979,"Hotel write thing","non-fiction",16,17.45,3
"xTpMkfY7bc0yqJkzfHnY","Jeremy Murphy",2008,"Authority around","stem",2,36.6,1
"67txkAKsLyXYNLKiC6Zm","Carolyn Wade",2009,"Likely door size","non-fiction",2,236.09,5
"oVewGGShYkZ6zSYfZWcK","Vicki Simmons",1971,"Senior according","self-help",20,274.94,1
"hP3lihpUsMHDtLvlJd3T","Brian Myers",1963,"Those laugh social","self-help",15,213.45,3
"6CP2hMm00hjNEPqkN9Fr","Abigail Green",1966,"Determine oil","stem",1,125.08,5
"4zcjcPGz6DmmJOcrKMH7","Derek Wilson",1978,"Yeah next rather","fiction",0,188.08,4
"IGoBoHKoUVGLQN06ghRn","Leah Kerr",1947,"His tough forward","self-help",13,17.23,2
"0geXx10fQnnmxRpkCH95","Jonathan Vaughan",1985,"Stock most left","stem",14,147.96,4
"il2pPGe2aK9OEMk3ZxUA","Zachary Jacobson",1976,"Account cause open","non-fiction",6,87.28,5
"gQvxvO0Fy2FTTAOXfp3C","Steven Sanchez",1994,"Eight keep hospital","self-help",13,234.84,3
"60GAcPv2Ddhk147wMVnv","Elizabeth Mack",1992,"With upon material","self-help",1,284.31,4
"Ises3cGSKxXKWOR8LjwK","Jeremy Murphy",1970,"Modern now American","fiction",5,257.04,4
"ZYMfvzU4S1aaHbHHCUfM","David Winters",1914,"Myself mind to","self-help",7,290.74,2
"0mCu58X0W5jINpMbBmAj","Abigail Green",1907,"Customer car hold","self-help",7,106.47,4
"KWK1bo1FBwDW5mZM02Kl","Elizabeth Mack",1974,"Brother tend health","stem",18,173.83,1
"QFGMHp4haIbP6dnjV5LY","Jeremy Murphy",2016,"Before second","biography",17,116.55,4
"G4fvvLjcBxgPsJGgtW0p","Jonathan Vaughan",2018,"Standard impact nor","non-fiction",6,243.05,1
"PkjNBgXMpdMKoTVCivGW","Ray Torres",1959,"Support change","stem",4,220.59,3
"T8441uJlrjauvXHBAZ4s","David Winters",1997,"Protect rich teach","non-fiction",3,264.12,2
"TqrxVds2IKFpeCL1M4vo","Ray Torres",1999,"Couple year believe","self-help",14,259.49,4
"yoS847wPNCJQ7GDwraQl","Jonathan Vaughan",1949,"Easy contain","fiction",9,263.69,5
"2LWUm8kZ7rf5LCh5QSAE","Jonathan Vaughan",1972,"Interview such","stem",16,75.31,4
"MgBN6eUSh6OzkF0deoS5","Jonathan Vaughan",1987,"Little production","stem",16,238.53,1
"salNou7NFLnXbmFEjIsi","Abigail Green",1989,"Lay old life few","non-fiction",18,56.44,5
"LHh9xYMDMBNNXVMqgK06","Brian Combs",1982,"Republican magazine","non-fiction",14,70.47,5
"yPd6S9J4yDt0sz1GzUiW","Robert Herrera",2015,"Town eye suffer","fiction",0,241.55,5
"7WJB4BignyGnFAhKSLNp","Abigail Green",1945,"Vote doctor","self-help",2,12.23,1
"kT0oUvgseqLQVDg37y2p","Tammy Leach",1993,"Forget over thus","self-help",19,24.55,4
"YjCS16bN7nPf53qY0QXw","Brian Combs",1903,"Piece those concern","non-fiction",10,90.03,3
"MecxCGDrL1J5ampHW6E0","James Hodge",1970,"Certainly her cover","fiction",9,54.36,3
"tbULTjxH3U2SCaP7Vo16","James Hodge",2021,"Politics whatever","self-help",10,284.26,3
"TIbZlr6pWpDjcZiBzbbP","Brian Combs",2013,"Fund into begin","non-fiction",2,204.16,4
"kJbG0L9eV91guk721jaC","Steven Sanchez",1913,"Attorney control","stem",2,116.82,2
"MUb74I0XVj5IInhxPIc8","Veronica Williams",2013,"Only seek each","non-fiction",5,253.62,2
"D2mR26IfSemJFgTQFNns","Leah Kerr",1968,"Ahead but table","non-fiction",0,246.07,4
"TEvOO1l06nEbKi6y6nQa","Jonathan Vaughan",2000,"Me discover people","stem",10,114.66,3
"4MWIGLI9L9H2fDI4UmPV","Leah Kerr",1909,"Choose something","self-help",17,33.69,1
"0i73lZTvcQLuMUvuGlGB","Vicki Simmons",1908,"Reason ago measure","fiction",0,193.86,5
"IToDqxXv1BCGF33sfNjd","James Hodge",1930,"Real when a night","self-help",15,115.65,4
"VIq1JmpAhWKnzAO7znbS","Tammy Leach",1929,"Relationship but","fiction",13,101.76,5
"4Q0j8KDDPsoQeeTennzr","Derek Wilson",1921,"Even significant","biography",8,123.03,1
"8KJU4hYt1jPOiCqsqaMj","James Hodge",1905,"Behavior put center","self-help",17,151.11,3
"qiAZ5X0HY7D1M8nENpfG","Brian Combs",1925,"Suffer special","biography",10,281.76,5
"96oFU9rnrBLTJZJBVpdf","Abigail Green",1907,"Away approach","biography",2,195.52,4
"SnfoDb7ELtC3r1RYr89I","Jeremy Murphy",1976,"Measure north add","self-help",18,245.48,4
"hTbyNeOtM6YgmDk6AwuD","Steven Sanchez",1961,"Kid message herself","fiction",20,148.64,4
"A5o9sNwSmwhqO9gStdkd","David Winters",2003,"Why story able","stem",14,267.82,4
"BpTmuNjn5nCi7NFPDT1G","Zachary Jacobson",1968,"Plan building bill","non-fiction",10,173.07,4
"9czdeeEghVmLuOxZQHp1","Brian Myers",1999,"Song early million","biography",2,28.76,1
"06iidfSyWPAOjEyD6fUO","Abigail Green",1911,"Beautiful once","stem",1,261.7,2
"uOXMzQicKMkklRUNstqj","Jonathan Vaughan",1914,"Eat community keep","fiction",4,262.69,1
"FrZo3xmrELHOnvwZMYOv","Tammy Leach",1963,"Base than true","self-help",18,176.7,5
"Yk6yK1bhlaK2tS613GLi","Steven Sanchez",2017,"Day event campaign","biography",13,229.09,3
"SutwD04YgpPdMx0YBLYg","James Hodge",2000,"The month seat","non-fiction",8,86.41,3
"Tab886rb8twk0abu9itU","Brian Combs",2019,"Truth modern task","fiction",13,179.9,4
"eHp7xQj7QMHPQVfQVIV6","Ray Torres",1997,"Number chair will","fiction",8,192.26,4
"KBEuZdIiXYK0ZvlpCTeh","Abigail Green",1943,"High wonder","self-help",7,113.56,2
"UjxS9XEwEMaFyIDvGQGL","Steven Sanchez",2005,"During close","stem",3,152.02,3
"1REj1WhTcXxg0EogqIeH","Jonathan Vaughan",1954,"Receive office rule","non-fiction",3,146.25,4
"dqBfX2Fw9G1uCmWXOpnx","Jeremy Murphy",1920,"Give campaign","biography",12,217.73,1
"UaSXlNJinAhJjvRxM4DA","Robert Herrera",1933,"Everyone Mrs option","self-help",3,74.45,5
"vGHTq2jYSLdf60SZLBMn","Tammy Leach",1987,"Scene information","self-help",0,204.36,1
"5AcM1taIUkNCSNBkZSOX","James Hodge",2005,"After view let","stem",8,90.95,1
"kSlD3eHIT5g5JVFT11Xy","Abigail Green",2004,"Class half","non-fiction",5,259.07,3
"hJbO8DmfEHUE2XThkPNZ","Tammy Leach",2020,"Piece shake early","stem",18,66.91,4
"IQGDrhRt3Fp4lOGFL3sH","David Winters",1939,"Recent money after","non-fiction",1,164.9,5
"SIi8ItPJRWXXzfP3rICk","Brian Combs",2011,"Enough finish run","non-fiction",17,219.07,3
"eVmPiie5jBCu8v3cE7jK","Brian Myers",1907,"Style window","non-fiction",19,240.22,4
"oKy9bABZLJpRsFvkBD0z","Jeremy Murphy",1933,"Knowledge weight","biography",20,46.88,5
"qUM6QYEgOImXAf2xwDEE","Veronica Williams",2003,"Usually fall","stem",12,106.18,5
"t72H0zrf6vtRw19ZaAoZ","Jonathan Vaughan",1900,"Together tell put","biography",2,268.42,3
"7tj1FTZHnK5w4IrIHn8m","Zachary Jacobson",1949,"Certainly pretty","stem",18,173.26,3
"X10olVa3FWu7780fRd46","David Winters",2013,"Piece key idea","stem",3,133.17,3
"UrLDs1chfM9R0MIw6GBw","Steven Sanchez",2010,"Admit story perhaps","fiction",3,72.87,4
"8IYTmkMuRlnLU4ayGgrr","Vicki Simmons",1917,"Body bill central","fiction",6,169.82,5
"ilPHFXB3QuKoN8Y9zfVR","Abigail Green",1930,"Member continue","non-fiction",15,158.52,1
"TF1Si6lIlj8B6JOjaYc6","Jeremy Murphy",2010,"Project drive","fiction",2,25.0,3
"hihpmXzUG8OYMfoHLHVw","James Hodge",1917,"Senior travel seven","stem",14,47.22,4
"PBsEQZ36ANJ1ZjtFCcKD","Tammy Leach",2024,"Management eat","fiction",14,42.16,1
"81TIIbQB49hlJhzqTESQ","Derek Wilson",1904,"Social year do mind","stem",14,152.34,3
"zR8Q090X7EHvDR4IDUMI","Tracie David",1982,"Teacher lead close","self-help",12,33.67,3
"elXL68LYwPcQqIX6mWI7","Ray Torres",1965,"Born animal add","non-fiction",15,111.19,5
"uCAVC8RRxiWJkTIanJRa","Jeremy Murphy",1989,"Board network eat","stem",6,49.38,3
"8NxyCBrKYuocFlHTThT8","David Winters",1939,"Source newspaper","stem",9,210.72,4
"UxvZAsLLHfVxplJb1tWU","Robert Herrera",1917,"Challenge deep man","self-help",15,173.19,2
"y34jfSRApwSGop6IksJq","Jeremy Murphy",1992,"Ever commercial","self-help",4,273.88,2
"TWbUnnDFzEUEseV5xoUW","Joseph Young",1961,"Hope state five","biography",9,291.34,3
"XMT2K4zSJc9qG7pVYrsU","Ray Torres",2005,"Live give another","stem",6,209.95,2
"f5Hte5okIAmPiX1hKbhT","Derek Wilson",1924,"Word near dream and","biography",16,19.99,1
"fNRKcJXhwWDE5v6xqYTP","Derek Wilson",2014,"A field three hot","self-help",14,280.01,2
"li8ilYWSFJz3FGkOZaYn","David Winters",2005,"Short Congress","fiction",15,162.34,1
"8KqmSUYvzql1jT9Lxw0n","Carolyn Wade",2018,"Respond respond","non-fiction",13,128.47,2
"XgWcXM4T0MReQPxvoh6H","Abigail Green",1980,"Sometimes medical","self-help",19,224.92,5
"4h8HhQb01tv44TvAaAGH","Zachary Jacobson",1926,"Executive range","biography",3,282.18,1
"oS0Uet7wC51r1foyfK9v","Joseph Young",1960,"Ability interview","biography",18,263.42,1
"I9nPGQtzhfMOwkhGKfa6","Veronica Williams",1968,"Identify no century","biography",15,16.79,3
"DzCoCIXUZBYmHliJEoPa","Leah Kerr",1995,"Kitchen scientist","stem",20,111.46,1
"N6znVPYFvn0KDbPXghaH","Brian Combs",1932,"He knowledge","fiction",15,235.23,2
"ijSVbAc7WEFt1owt4z3q","Jeremy Murphy",1935,"Cover business","fiction",16,93.16,4
"Qkp7WiFhT7mqOU4AGXdj","Ray Torres",1957,"Market agreement","biography",11,209.36,4
"r1lEnig7EI3xLqVjTedR","Jonathan Vaughan",2011,"Director much later","biography",15,48.09,3
"EETRZCYEP0CDC5bJmNZy","Zachary Jacobson",1928,"War senior friend","stem",10,228.13,5
"nCtEgzQElwADmVOzKTZH","Joseph Young",1975,"Some suffer today","self-help",5,81.88,3
"dWJVSLDBUjQ0c2MxJ9TF","Leah Kerr",1911,"Mean performance","fiction",14,92.48,3
"ua5DYvm72Cfa1YL5FTow","Jonathan Vaughan",1929,"Better development","non-fiction",2,224.14,3
"c7u4hQOfoNVHMDIMaVWd","Jonathan Vaughan",1958,"Put process set","stem",15,78.77,5
"qq24p6i7oYwKZUY1l8n5","Zachary Jacobson",1997,"Season that talk","stem",18,153.05,4
"1gS10HfobJPyDcPnwTET","Joseph Young",1961,"Education view","stem",19,297.48,3
"9dbMh8VDdMmIuXlnJFGL","Zachary Jacobson",1963,"Direction father","self-help",1,127.35,3
"gMGiPYMG3zw7bj3VSL5w","Elizabeth Mack",1945,"Art evening","self-help",4,232.64,5
"IN67Y1pvBIwGbZg4J4k2","Abigail Green",1966,"Central crime","non-fiction",1,149.16,1
"90sZOCQg3Vl5M2bNmyh2","Brian Myers",1935,"Measure outside","stem",5,144.94,4
"dGfbAiXp7ts84AXubwIM","David Winters",1912,"Cold hold oil","fiction",6,155.23,5
"WnY4FjjrNv7pQQWhoPEb","Tracie David",2000,"Deal election here","biography",7,78.94,1
"QBOe3cZpyhkxkiOdsWwJ","James Hodge",1994,"Much I wear gun","self-help",16,190.29,5
"9hTRuHhtltX9cFJuiEWW","Tammy Leach",1964,"Child lay husband","fiction",7,87.32,3
"pjfK5m967InThtywVNBI","James Hodge",2005,"Decision while","stem",4,123.86,4
"imBQcDYCCHShbFSMXZcQ","Abigail Green",1991,"Occur strong","fiction",20,276.5,4
"mGtESB4bVSUQoiMUymxk","Derek Wilson",1949,"Site close","non-fiction",1,13.86,5
"2sNYKrCBI2ZVK0hRxjo2","Abigail Green",1996,"Man individual safe","fiction",18,154.59,1
"m7AZYdzziJNB6qpWulGX","Tammy Leach",1976,"Debate car couple","biography",15,26.24,4
"xHhT3iMIDYqRzL7lOCNR","Veronica Williams",1974,"Magazine couple","biography",13,236.32,4
"BDkwMGdxTg5uRfXmrWNv","Steven Sanchez",1924,"Issue this explain","fiction",14,185.75,3
"wPDvgdgsNUJ5IqVlenc9","James Hodge",2000,"Line writer","self-help",6,119.45,2
"os8W4I38MiQWrq9ZOOJ1","Joseph Young",2019,"Control bank too","fiction",14,134.6,2
"K7O9PkffgFKaCxXK8Oc0","Derek Wilson",2012,"Style million","biography",10,177.7,2
"vplaTuI7SqpcRdPRq1Fm","Veronica Williams",2011,"Day vote color red","stem",17,167.27,2
"ivvHHaexkrVIArz4i91Y","Steven Sanchez",1930,"Arm middle painting","stem",8,283.9,4
"I4Ezuig3BHgMaYZt7tDp","Zachary Jacobson",1974,"Born together deep","stem",4,172.47,5
"wsBZrTvNj1Vc2gxmnarl","Brian Combs",1929,"Amount film bad","non-fiction",6,72.59,5
"MbikJ3gQhv4Q9MtAEaJT","James Hodge",1988,"Third she reason","non-fiction",6,119.68,4
"bAND8DLOnhGXmcrDIIDy","Brian Combs",1934,"Something mind","non-fiction",5,177.04,5
"uj6N0SEq4H9g6Z5nc2pp","Ray Torres",2023,"Along hotel many","stem",15,103.44,4
"U4BCwLJtYXvNry1CRlPp","Tammy Leach",1993,"Decide community","self-help",3,47.08,4
"juQLelNMoCaErGXOaXuQ","Ray Torres",1939,"Candidate check","non-fiction",16,184.7,4
"ky9CDKGuXwn0ESeokHWd","Tracie David",1999,"Throw value hotel","non-fiction",6,227.29,5
"90FaQiMecQwCgnyRoRnE","Tammy Leach",1979,"Detail store lay","stem",19,131.25,4
"2R9EN79IZ6qCo81HMvJB","Robert Herrera",1932,"Manager meet keep","biography",4,154.25,3
"gGybSGHjzdHb1PYyGyGv","Ray Torres",2013,"Develop receive","non-fiction",17,149.66,4
"kqYfoynvVU7i81sC4FW8","James Hodge",1990,"Study room through","non-fiction",6,231.87,1
"pMQXn0OBYlxBMAUbPrOR","Carolyn Wade",2002,"Forward address","fiction",0,240.34,3
"3n0svLRzgdI1Mn3CPwGR","Jeremy Murphy",1928,"Forget involve six","fiction",6,33.47,1
"wY8NZe4T1miukK6WQXVn","Vicki Simmons",2016,"Factor feel need","fiction",18,128.52,5
"QublBGni32prQsUVXQm0","Robert Herrera",1939,"Morning theory pass","biography",6,33.97,5
"uQSfwIXXrCi1fhSM46FC","James Hodge",1978,"Congress have","non-fiction",3,286.64,2
"h21Ni4ID0dpgnAMrWGFL","Veronica Williams",1987,"Account wind both","biography",2,98.34,2
"Mh6gBXmkz0GuMl7XRZql","Jonathan Vaughan",1910,"Back billion air","stem",7,173.73,3
"j3x1c8d7cTtGkfakY1Kh","Joseph Young",1962,"On before keep","self-help",9,38.51,5
"qKfrSINUJhb0V0LwWiwL","James Hodge",1907,"Can important ready","stem",8,26.15,2
"xinv88NMrXpnItEHJKwg","Jonathan Vaughan",1932,"Least benefit leg","non-fiction",19,234.97,1
"o5lHI2AxVtz9Xi9qu5ih","Robert Herrera",1998,"Safe debate purpose","non-fiction",10,234.04,4
"3yVoYk5BfdkBJ1HCr5Sd","Brian Myers",1971,"Find traditional","biography",17,103.77,5
"pBShThQ5MHAwiq6gcMvX","Steven Sanchez",1904,"Similar off number","stem",4,266.88,4
"3bNy8UMn3rNbKqDmH7BS","Tammy Leach",1955,"Suggest travel","self-help",19,288.7,4
"dD1aeytyRqScx2Al2UC6","James Hodge",1990,"Customer popular","biography",7,90.4,1
"P2zk75L0iVQ5qgRSJGjJ","Leah Kerr",1960,"Policy lot specific","self-help",0,208.4,2
"pqdHd38MiHoWm7zX3Tfe","David Winters",2013,"Space forward off","stem",20,184.21,1
"XsOKdi30TBSNxTxtV9rU","Brian Combs",1970,"Chair field answer","stem",19,289.7,4
"YKdtTO27Apq4gstrFCBr","Abigail Green",1966,"Yeah when talk loss","non-fiction",13,147.28,1
"BkHItYGJQ2o6iVf7E1QS","Brian Combs",1964,"If fact west","fiction",6,87.46,2
"ryIhqMGpHgr2FAy8mcEu","Zachary Jacobson",2008,"Guy financial give","non-fiction",16,227.31,1
"Gq7SzS5dkGW8vdYgXBQ6","Veronica Williams",1977,"He boy college you","non-fiction",2,296.62,3
"RPzM06pygZWLHNJM1enO","Veronica Williams",1923,"Start film rather","biography",6,238.84,4
"zG2lsk0StbNxtWVHTXTx","Derek Wilson",1901,"Production imagine","stem",4,84.83,2
"rTlhP8p927vRxIYP2k72","Tammy Leach",1960,"Reflect eat","non-fiction",7,45.65,1
"uo4qNpc6nof4LTZSIMXT","Ray Torres",2015,"Open response laugh","fiction",4,42.24,5
"nnVF9kzSvCU9ZVxP05P4","Brian Myers",1992,"More glass attorney","stem",3,254.59,3
"rZnhhWTjpJo1UigUrQEE","Steven Sanchez",1994,"Threat choice","self-help",16,156.92,5
"Xx666Y2vsdRKZ6d6ihfS","Brian Combs",1981,"Newspaper hundred","fiction",4,49.04,5
"oMp32uywAWWKpkgNqySg","Leah Kerr",1912,"Already operation","non-fiction",11,117.35,2
"8uN688RhTD7JdPqDFCFc","David Winters",1989,"Other board","non-fiction",10,119.2,3
"BMwuK9rDAXmYCmcEIHYP","Jeremy Murphy",1974,"Ten rich quickly","biography",20,289.18,2
"lCq9eqIqAPLG9I5HY5ej","Vicki Simmons",1916,"Trial cup compare","biography",3,290.64,4
"7AYE8kJKgAid8iqewFtQ","Jeremy Murphy",1971,"Stay too special","biography",15,66.86,2
"iApFHseHSIWkhEOXsCcs","Derek Wilson",1916,"Theory probably","stem",5,210.32,5
"VOqKT2wczafDeXFYZcJC","Steven Sanchez",1900,"Though almost","stem",12,105.74,5
"g4fYkqyrbdLFwERvzGzg","Elizabeth Mack",2004,"Test than author","non-fiction",9,127.75,3
"SJKaFmsJ3cfFjTF2ILwM","Jonathan Vaughan",1934,"Effort manage","biography",18,287.92,5
"kocEvP7fDixhrs9B71x2","James Hodge",1926,"Subject war through","stem",13,161.06,4
"SVKVdmcISIJ6q7gMqVEg","Elizabeth Mack",1955,"Race probably start","self-help",7,128.98,4
"dCfmp6j8iH60szWB0XT6","Joseph Young",1964,"Language seek","stem",10,200.17,5
"IzwXAmDPCQV6wDMVlmaK","Veronica Williams",1932,"Five yard religious","stem",0,297.87,4
"kKN5UbLdmr2N6VNQpQDd","Veronica Williams",1965,"Economy continue","fiction",2,107.05,2
"SqLjYh7H1kziNe7ntdON","Carolyn Wade",1985,"Structure clearly","self-help",9,215.53,4
"UvpkxcKo6Slw7nbdJgV7","Derek Wilson",1962,"Attorney live their","biography",15,43.84,5
"ZnHQEMsVRuBaXwurobc2","Carolyn Wade",1980,"Budget able","non-fiction",10,259.3,3
"TcKVm4kYLhmUT6hIG4sO","David Winters",2017,"Understand side","self-help",14,155.11,4
"oQBBV7kMJndBSV36tOUc","Robert Herrera",1913,"Else establish","biography",9,179.28,4
"ONWGQlmnvViuSjmYhlfq","Leah Kerr",1998,"Myself certainly","stem",0,14.07,3
"Qcya3LkYWRszfaUpXmo0","James Hodge",1909,"National material","self-help",19,63.02,5
"WYPYAYOLng81KNs18BSN","Ray Torres",1939,"Responsibility","biography",16,168.0,2
"yIOVA4v6S7vnP9KpVZGv","James Hodge",1993,"Experience fish","fiction",1,159.7,4
"P1jpHKnAwmXzTYblOQL4","Robert Herrera",2015,"Sit agency","self-help",19,14.79,5
"NLQ9kAQarkBnpJ6XswlB","Veronica Williams",1936,"Focus once system","stem",9,259.92,3
"nYmcFJCXBHFNtkZtqCv9","Joseph Young",1955,"When task writer","fiction",14,96.78,2
"ech6K5I5CIB3OpuSvqpe","Leah Kerr",1911,"Artist north","fiction",1,81.96,4
"R4SlVsgvRLYUNvkNFh4V","James Hodge",1982,"Do better involve","biography",8,198.74,1
"GUErGVPAptM9veR498lp","Steven Sanchez",1956,"Enough pressure","fiction",17,60.95,4
"rbwMjw1HKZDTi6SRiFpD","Carolyn Wade",1980,"Down born expect","fiction",2,73.4,1
"7VkxsYrIHBE3EJjtNeHE","Vicki Simmons",2023,"Population may","biography",16,191.6,5
"gCOfMFJvOQKB8yGumxoN","Tammy Leach",1981,"Including","self-help",12,223.17,1
"cuRnERzfpG4OAYXQVXx3","Zachary Jacobson",2017,"Score price woman","biography",1,15.96,2
"Rf5epVN3TotBcFhGLcca","Jeremy Murphy",2005,"Method return great","self-help",20,169.74,4
"5aOGgRyDKj6NnJ27nttk","Jeremy Murphy",1928,"Enter close inside","self-help",10,81.73,1
"jdosxzc9jPPcHsKgDCIj","Jonathan Vaughan",1929,"Century west cause","stem",6,233.18,1
"AGlhK8ezdjQ2x1o7vBLQ","David Winters",1993,"Power per still","fiction",10,151.21,5
"oVZmSY79aR7Pkg2M2prm","Brian Combs",2021,"Purpose campaign","fiction",12,268.1,5
"d4bGUe8qaBVvYl7Irmtx","David Winters",2019,"Control them so","non-fiction",6,59.14,1
"7emPKAWR3WS4HLUr5XhY","Tracie David",1961,"Analysis write like","fiction",4,250.96,5
"NzYZeaPnYPQzqozpYlox","Ray Torres",1995,"Nature into","stem",13,32.53,2
"RQDNch0SjhfVlnbK1kIw","Brian Myers",1958,"Agreement them","stem",13,204.36,5
"Fnu8lQdfpEinh9025ek6","Joseph Young",2001,"Drug model skin","non-fiction",8,213.79,4
"vsf6wH9Xwcolo8jfRfEO","Elizabeth Mack",1912,"Service score away","biography",16,107.7,1
"iKhhKFGDjm7hc93OJO6s","Derek Wilson",1910,"Each article spend","biography",1,149.88,3
"W4e5IKh6HNGgIzZ1ONBO","Zachary Jacobson",1924,"School painting","fiction",4,268.59,3
"7p4cQ6Qo61hhWcLWkBnP","Steven Sanchez",2022,"Source after","stem",17,273.34,5
"RSO3INltUVDRjQOlWZVg","Jeremy Murphy",1957,"Choice article in","stem",11,112.76,1
"cSxCJG5Ez25FbY2dEeoi","Robert Herrera",1910,"Recent by feel able","biography",17,163.59,4
"FdyARbJfoa3eGWAYfbS4","Tammy Leach",1948,"Away third kitchen","stem",17,284.16,5
"Nq57ldgpakz00Fdtvxj4","Elizabeth Mack",1948,"Week alone finish","non-fiction",10,261.41,2
"0PzuKCAKtRh8UwsNlLie","James Hodge",1964,"If once more return","fiction",8,108.77,5
"g9V5Ciqz8GBpzWRHYuOB","Ray Torres",2020,"To interview","non-fiction",19,224.87,2
"Gtvnd0y8i2QltiuQOUtA","Vicki Simmons",1969,"Meeting teach away","fiction",8,216.62,4
"DnjUtplQU4yZ85EKlB2W","David Winters",1962,"Another experience","stem",9,83.77,4
"oUo59T7aZNmceoNE60fb","Vicki Simmons",1992,"Environment me","self-help",4,25.25,3
"dTYhJS758ewGqZWybEvk","Tracie David",1936,"None mention now","biography",4,267.42,4
"7PWiv0HW1IMPKcDjTfkB","Carolyn Wade",1992,"Smile become","fiction",11,138.29,1
"yKWd1SVZNUKzPcVLXyVO","Derek Wilson",2003,"Quality build best","fiction",5,268.17,3
"DNo5ILUwtp3h32V4pd0d","Zachary Jacobson",1918,"Suggest else ago","fiction",3,184.19,1
"mWIzLqUhgMUswaWPJor8","Zachary Jacobson",1915,"Page everything","self-help",6,59.9,4
"RDV08jC7ayBfLyuR819D","Tracie David",1924,"Nature develop","stem",17,140.83,4
"7OvNG8PxrRFj1Zg8VfQ5","Ray Torres",1995,"Similar lose age","non-fiction",8,173.57,5
"Kb9WbUYopk0X27IEjrAQ","Steven Sanchez",1931,"Opportunity develop","fiction",20,83.86,5
"QQs7lztrgG8UALwYg9F7","Ray Torres",1956,"Inside right","fiction",2,264.86,2
"4pGPiRtp0dzi4tTsUVIA","Brian Myers",2020,"Prove door hear","stem",12,140.59,3
"GbMIruMslixi5WISWT58","Vicki Simmons",1967,"Reveal experience","fiction",9,284.79,2
"YlOzGIFzPMvVei2AoqAh","Brian Myers",1923,"Century weight","non-fiction",16,63.06,2
"CQC1RuqRUnNE9xobHAdq","Derek Wilson",1961,"Least either box","self-help",13,207.15,4
"FzqPD4m4nrZBR6zaZq41","Carolyn Wade",1903,"Memory feel support","self-help",8,231.49,3
"JNbTm0iUO7o0skJzJML3","Robert Herrera",2010,"Lot how tend entire","self-help",15,215.11,1
"MC2vfvQSZ0WjWIkHlnTY","Carolyn Wade",1976,"Deep walk seem","self-help",11,85.93,5
"jdVfgZYfKhWjiAY46HqE","Vicki Simmons",2022,"Senior he","fiction",6,92.27,3
"2i703YMCkbR6IwmU5J1W","Veronica Williams",1911,"He not task after","fiction",18,45.54,2
"NVfpbMcAYgXIvRcVid5y","Brian Combs",1902,"Government maybe","non-fiction",13,86.32,3
"ITspHAGluDhDv7mGvWL8","Elizabeth Mack",1990,"Student somebody","non-fiction",13,88.47,2
"CDNaVTDeHpHpDoi1D5Nf","Tammy Leach",2006,"Clear floor policy","stem",6,208.21,4
"3jnbG8IjienO3LsYO1Pr","Carolyn Wade",1950,"Certainly offer eye","non-fiction",9,283.98,2
"DFqxF40mNK2OmXa4Av64","Vicki Simmons",2007,"Himself oil data","fiction",7,67.46,5
"z2Stb0wPGjGg8ICZ2ngd","Jonathan Vaughan",1908,"Leave about half","self-help",20,252.11,4
"mBAysYJ32XI6KIW3bKGK","Brian Myers",1992,"Speech long second","self-help",10,242.48,1
"IuTE9bSpQy80IiVOKRwU","Derek Wilson",1916,"Voice sit activity","stem",3,153.53,5
"5NJhhG4teMJkGbF19B6n","Robert Herrera",1910,"Few simply set","self-help",7,197.97,1
"IqoA2datCznEutzT2Lxt","Joseph Young",1958,"Media prevent","self-help",19,71.72,5
"rYruUX03BaPnstmjWOgp","Brian Combs",1996,"Reach home they","stem",2,144.71,2
"fjpPaBWKO6OIn1DwKEN4","Derek Wilson",2019,"Cup strategy","fiction",15,176.71,2
"A5HmcZlSWRsCHFrD6ksY","Tracie David",1922,"Treat group decide","biography",18,259.25,1
"zaBbE2rmE0cBueRlv4fA","Carolyn Wade",1924,"Century push fine","fiction",9,279.26,1
"g1h1dCevVuTVYECpeOjU","Elizabeth Mack",1962,"Wrong executive","biography",11,109.53,2
"NRBt9xxLw4bL3A8DEuzg","Tammy Leach",1988,"Program available","biography",17,127.71,4
"GhPXg08WMUaQNiunXf2r","Elizabeth Mack",1999,"Relationship fall","biography",10,51.94,4
"HrbhFUAE2qyEXJd67vr5","Derek Wilson",1935,"Short in law","self-help",6,197.42,5
"ID418g061RoZE0RlhRLy","Zachary Jacobson",2024,"Cold spend reality","stem",2,42.02,4
"16aYutQ4hEaY1Sfdhgo3","Carolyn Wade",1901,"Land newspaper save","self-help",1,203.52,3
"xSUyaMlizTAAwMgnGQMw","Zachary Jacobson",1903,"Operation school","non-fiction",19,208.48,2
"uQf2JcE6LkZIwQKOL7fn","Ray Torres",1914,"Line card lose","non-fiction",13,79.28,4
"PvhlbsipdumoLC1krPo1","Joseph Young",2020,"Year mission risk","biography",2,166.39,5
"i1X6dSonD4Fh2H5nKAKU","Steven Sanchez",1939,"Able but perhaps","stem",16,70.23,5
"zU2s9eqfknY0JPNBudF1","Carolyn Wade",1924,"Though notice","non-fiction",19,200.18,4
"IVqsPN8cn1IK4tSMHjGi","Veronica Williams",1986,"Believe of room","non-fiction",15,274.62,5
"HaOmuGzqH8Cr6GcDIyLH","Robert Herrera",1934,"Tough sea view us","fiction",18,281.31,1
"pGdfxU93I5MbapYkynoH","Elizabeth Mack",2022,"Up ball benefit","stem",2,245.62,4
"rfunBF10UrHN5SnFvx8t","Elizabeth Mack",1909,"Against letter","stem",8,295.75,1
"p0558L2hwi14FIkCZXrv","David Winters",2010,"Help world realize","self-help",0,267.81,2
"F7Px2gF0h3IVay87DdAz","Tracie David",1990,"Question hit while","non-fiction",20,80.62,3
"KJtwIokesXAnMMUmxV7m","Carolyn Wade",1991,"Film hear million","fiction",2,172.71,2
"f6S6IkMv8HvzVVp0RP3n","Brian Myers",1989,"Last quite kitchen","self-help",11,279.77,2
"f7uCgyWy7Dzx4xTIdpcX","Jonathan Vaughan",1967,"Operation mission","fiction",18,159.11,2
"icOB9Zk1YJNrCpGNawE8","James Hodge",1905,"Police sense rock","biography",20,156.1,1
"tziIN5s4SmnRwnPsmJaZ","Derek Wilson",1980,"Full business","self-help",16,19.69,2
"mOXgPwqiQlczwWrTayRG","Elizabeth Mack",2009,"Evening stand","stem",14,141.89,4
"OdBIrQvW0yxESnGcxUuz","Brian Myers",2024,"Goal start unit","self-help",18,210.03,4
"LOJbn5opC9YWJGv8KtLx","Elizabeth Mack",2020,"Successful along","non-fiction",0,246.99,2
"ds5XPKldnWtvhJZu70zA","Tammy Leach",1990,"Around cold not its","stem",12,87.31,5
"oxqnz4Da9Cw1eMyhlehX","Brian Combs",1973,"Congress rate","stem",8,282.94,3
"BfMzyVi2t7cxiiTKwzWV","Ray Torres",1900,"Success door","self-help",9,190.3,4
"9qXeG73Z9pZa5hutwuJE","Leah Kerr",2024,"Really allow piece","non-fiction",20,119.26,1
"ZbLOQdTxNw7WHWnh2rNM","Leah Kerr",1980,"Mr reason","biography",7,227.12,2
"v123Qc23XJ6FhRZlYyb3","Tracie David",2024,"Would term present","biography",7,280.1,3
"k4pulbmCsnZMKqLnaPh5","Brian Myers",2018,"Plant subject thing","non-fiction",19,57.54,5
"769vCeUT5LBLCt4c7KWI","Abigail Green",1972,"Deal myself share","fiction",5,82.04,3
"ENgQttZpZFurOXX6E5eI","Veronica Williams",1904,"Finally whatever","stem",20,261.3,5
"zINEG9pcUTIBMIAsRQka","Robert Herrera",2013,"Seek although","fiction",0,256.0,5
"dOoKo7jd3P9LCIQqMefe","Tammy Leach",1977,"Water project","self-help",8,43.6,2
"MWiA5fe29V8lwulcnPhK","Tracie David",1976,"Forget feel hold","fiction",8,186.96,5
"V3iqlEY6yhpS9hvmt0Zc","Jonathan Vaughan",1906,"Doctor traditional","stem",19,138.27,1
"BmKETSnEQxkXAuDXYqVs","Veronica Williams",2013,"Card near play","non-fiction",8,152.78,4
"AwgSEfxj80GaBj6uysXx","Carolyn Wade",2008,"Seem discover","stem",4,69.9,2
"fYtyWvDelOYXeAFBLz1D","Ray Torres",1959,"Tonight wife","non-fiction",3,14.33,1
"mwBSamh2lmdXyGvQthn7","Abigail Green",2006,"Great feeling treat","stem",9,65.1,5
"RfWDJpluTGGvuaigH9CY","Veronica Williams",1993,"Keep down never per","biography",13,170.4,1
"9RnTORE5hMY0LirOgeEf","Leah Kerr",2001,"Century style lose","biography",17,79.19,4
"WMcbgru87IzGhz7CU1VS","Derek Wilson",1913,"Memory language","biography",2,194.33,1
"oiCQFwvqR9ZyPS9Mheq3","Carolyn Wade",2021,"Fact green either","stem",3,225.09,1
"zzq9iXhcdbvHiSxqMKUd","Joseph Young",1933,"Miss term practice","self-help",15,202.73,5
"AJzUwNm8V7Ek1MyDtcXS","Jeremy Murphy",1902,"Party continue","fiction",19,236.23,1
"v9z3OVeKCgNIo7UtnHKF","Jeremy Murphy",1928,"Cause add name","non-fiction",5,66.45,4
"9cex9S3vyqtqAscOXiiA","Steven Sanchez",1934,"Well building","stem",9,166.07,4
"CpBjMVyFEUaHw8VaI2uz","Brian Combs",1997,"Pay easy effect","stem",6,126.16,3
"ZvyMARvQSgjnNdoJcuCR","Veronica Williams",1905,"Nature return","stem",2,29.18,4
"0F3Wu9slN49lDGihHVdH","Abigail Green",1974,"Foreign score","biography",20,260.0,3
"56o9ZOneWdBKCXgvSzU9","Jonathan Vaughan",2013,"Success bag safe","self-help",10,285.59,3
"dybYOT0ti3dcml8NT9GY","Tracie David",1962,"Today start page","non-fiction",5,271.63,5
"noJpXOdD9HFCnQH9aeXq","Jonathan Vaughan",2014,"Institution wish","stem",17,53.97,5
"0TftNv4CrUxjwdQltngo","Veronica Williams",1945,"Production economic","non-fiction",8,208.27,4
"gBmfzJnG0YrWqkQUxTHO","Derek Wilson",1919,"Rest like recognize","self-help",4,48.14,5
"VDFIQeupQ96vm30SJ5Te","Tracie David",1992,"Recognize somebody","non-fiction",10,66.69,3
"KgQiZn7it7yOrhd60yWB","Robert Herrera",1945,"Feeling else","biography",9,207.99,1
"PSCrOgILauMtYeuMtXVT","Steven Sanchez",1959,"Main dream huge","fiction",11,229.53,3
"1LffpDSLR63IXoWBURXp","Tammy Leach",1993,"Network wrong","fiction",14,34.73,2
"xIIFwHFFDjvPbhMHWUO5","Abigail Green",1974,"Former above nature","non-fiction",6,233.86,4
"jOZuPWyRoY7Zxcf2aEDN","Tracie David",1936,"Yet method","fiction",20,206.88,5
"XWt2fHxWHC5vIYyBto4n","Zachary Jacobson",1959,"Sing mother level","stem",0,175.65,4
"csUCUwdUJpnd1zN1NM7U","Steven Sanchez",1910,"Create serve result","non-fiction",11,228.72,1
"fGWWDMpE9RCigBzg0tZS","Tammy Leach",1925,"Will detail of","stem",20,142.28,1
"o9x5KNS5PV9UjV0VJ8d6","David Winters",1943,"Itself left sister","biography",17,111.49,1
"Gk9eGJObdWE53wSs4fH0","Elizabeth Mack",1913,"Name special cold","self-help",10,11.46,1
"HdMKripiMddijg6VHh9z","David Winters",1900,"Issue thought news","non-fiction",1,122.19,4
"661N4qc2U9cHdtY5tnNa","Veronica Williams",1971,"Save detail record","stem",17,232.05,4
"EkgphWCTFR6xyw1ORO1Q","Tracie David",1970,"Human ten who long","stem",9,122.03,5
"nghIdJUzwCkq2dagOxpI","Tracie David",1900,"Join drop now","self-help",1,152.15,3
"h4NwPXcQgYgwDwH3N2q3","Ray Torres",1912,"Capital political","self-help",16,244.33,1
"yc7GK4b39vWocU4vb8yu","Leah Kerr",1974,"Start never can","self-help",16,89.59,1
"LCBZ5pv2n6XzhJpmmCRU","Tracie David",1942,"Car growth likely","self-help",6,294.19,3
"VnRCIXBSyLKSzfP2JnY6","Tracie David",1938,"Interest image","self-help",4,34.45,4
"V4B35wijPUeG3tOHzstu","Ray Torres",1903,"Option power return","fiction",19,254.33,1
"A5jKzmgPBv3OZpN78Rd5","Brian Myers",1965,"Statement kid","biography",0,177.44,1
"HKJHGS72vbgaiPyqL4Kv","Tammy Leach",1997,"Apply study card","fiction",11,152.67,5
"jdXh4dpO6i5TF8c1ShNX","Veronica Williams",1951,"Manage season","fiction",9,100.7,2
"u2EyY1X6fnXzWYyQsp0j","James Hodge",2022,"His mean service","fiction",11,188.34,3
"UYVu3DTNGve2FFRfEFNe","Robert Herrera",1959,"Which recently","biography",15,185.96,3
"y3DTy0JFv57ykuLvB2Ha","Brian Myers",1941,"Family relationship","biography",2,248.55,2
"k70JlGi6fVvLIhMAhQtA","Veronica Williams",1984,"Owner how represent","biography",12,119.43,3
"YS9E4m0Ri6lnhPQ8xkOg","Joseph Young",1958,"Hair his this","biography",7,265.14,5
"lOwqoZfUf97hQWCI8d4Z","Jonathan Vaughan",1914,"Arrive financial","non-fiction",8,99.32,1
"0VLiZVev8meiOQG5eV2v","Carolyn Wade",1948,"Home court hold","biography",18,292.91,5
"kfMlqkBT3z7NEt4heYD8","Jeremy Murphy",2013,"Onto this but top","non-fiction",2,222.52,4
"33YrLiEOGAIvDeHUwQpQ","David Winters",1928,"Arm task reason","self-help",16,114.61,2
"nJv1eaQBZjbfWry09if0","David Winters",1942,"Them say project","fiction",8,261.49,4
"umXe3n2RxuPMSCffOon0","Steven Sanchez",1968,"Imagine gun rather","self-help",4,15.19,4
"0kNk94TPcX9gtm5DaDFV","Joseph Young",1942,"Still teacher them","non-fiction",18,125.08,1
"NtJqY5GDtaw3HAuoZKDg","Ray Torres",1940,"Heavy through bag","self-help",1,207.46,2
"axvcdLMLObJ1vTxCWSwZ","Elizabeth Mack",1903,"Soon red plan","non-fiction",3,106.92,3
"xomKG1GViNMzBoXEqV3l","Elizabeth Mack",1926,"Good billion catch","non-fiction",16,252.05,2
"Pe5NmA1ssZVdJrCvYXs8","Jonathan Vaughan",1968,"Trouble care pretty","fiction",18,184.91,3
"8pN4VV8FJC1elIOTtc2O","Tammy Leach",2008,"White agency alone","biography",11,131.69,4
"FgoQukAlBKwwyPv8wOJx","Tracie David",1935,"Rule base series","fiction",7,174.5,5
"OADKbNIzHFEqRtsEJ5yx","Veronica Williams",1986,"Even subject","fiction",7,142.94,3
"LSjNAlHLPZZBr6Hy45yu","Zachary Jacobson",1943,"Suddenly material","non-fiction",7,286.3,5
"1BNXpAqztBGnNkX0D93W","Ray Torres",1908,"Other interesting","non-fiction",11,215.35,4
"k2fkluQb2lFRheK5aeCn","Brian Myers",2022,"Pass father feel","self-help",5,27.96,3
"2LxQ00mECwVMXy9sSfcu","Jonathan Vaughan",1934,"Owner state fund","biography",5,158.0,3
"gcntluGtCqbWcFUdVIj0","Veronica Williams",1925,"Near radio even","non-fiction",11,100.48,2
"6S4K7hPp4pjXz8GXbKTh","Steven Sanchez",2007,"Increase indicate","self-help",13,12.34,2
"jtwzviV8gAx0ZhVtJU5U","Derek Wilson",2022,"Scientist foot","stem",1,51.47,4
"r5q6576akXRiqmZYyn3o","Jonathan Vaughan",1931,"Per him care share","self-help",10,227.95,2
"Ub8WBoYBt0wNEtVMxnYR","Zachary Jacobson",1934,"Effort kid defense","fiction",15,141.27,3
"536Nyp1BMp91zq3m2E8k","Leah Kerr",1909,"Law ask visit","non-fiction",8,223.73,5
"ekeiq6ParR9zOYCKLis9","Brian Myers",1961,"Job industry year","fiction",19,212.27,5
"V3zEFEIhZ0siMOrsWZTt","Tammy Leach",1970,"Order run four","fiction",13,18.28,3
"WGj9zTVBA060PoalMJw9","Carolyn Wade",1987,"Contain great","biography",13,103.19,5
"xmNqxcWHWrxMmIm2g2eS","Elizabeth Mack",1978,"Remain total win","biography",1,225.75,3
"HQ6YDv19rN8JKroBhfYj","Brian Combs",2007,"Today mean want","fiction",9,87.98,2
"i7T47mDIRYzqTvmYjt6f","Brian Combs",1999,"Through fall","non-fiction",10,30.44,3
"e4glWamUbZZuIfMCA7Af","Jeremy Murphy",1971,"Thought skill as","stem",4,128.62,2
"sRxYUkZAjlX7K37bX6GT","Tracie David",1935,"Painting take a","self-help",10,264.66,1
"o805t7MO5MtETlcUD1sC","Steven Sanchez",1972,"Foreign paper","stem",5,84.07,2
"5pVTbxzJiICtd11dLlnH","Tammy Leach",1908,"Sometimes walk","self-help",14,116.99,3
"GPG9iKhyHDYibQNpqbCZ","Jeremy Murphy",1929,"Number sign great","fiction",14,143.17,4
"G6xsT3oFcfwSHoceE1Gs","Elizabeth Mack",1963,"Man boy according","fiction",17,133.51,5
"q2vsOodyooem5pK9X1BE","Brian Myers",1904,"Collection poor","fiction",20,130.24,3
"PayMU8NHFyIlzBXLTRou","David Winters",1963,"But son change want","fiction",6,225.76,3
"xrdmoeCrTtqvlTqSpzRH","James Hodge",2002,"International","self-help",0,123.23,1
"RecQHzvGJOnQuEFDge0o","Joseph Young",1973,"Hope free hand","self-help",14,186.0,1
"fKWpmgnY33bi8YKSLdSB","Veronica Williams",1914,"Hit media write","self-help",9,165.32,4
"aGWGYoYaR2wcRSc5HOBb","Brian Combs",1900,"Talk near third","stem",17,98.77,1
"mYZGPW8ZhbRHpilx9lQ4","Steven Sanchez",1923,"Role skill yeah","fiction",19,30.65,5
"pgi3P4Dv4PCTwffzFrtb","Joseph Young",1933,"Month in first","fiction",2,35.36,2
"qeS0TdoF7uGWoDXnF9yq","Carolyn Wade",1930,"Test memory","stem",10,268.82,3
"CjoRRNf8qqEE8DZjLhbs","Robert Herrera",1943,"Property family","stem",14,12.96,1
"FtNc8Oed4NvEmYp0RqI1","Vicki Simmons",1936,"Participant lead","self-help",12,236.28,5
"QqmuCJosShwiPFDgtnjn","Brian Combs",2008,"Out agreement","self-help",10,180.84,2
"FSQ8qdt85vaLqOPCQJoe","Robert Herrera",1918,"Wish beautiful war","fiction",18,112.72,3
"5bKz9SVGLjKrnJh3dTwy","Vicki Simmons",1969,"Almost especially","non-fiction",11,260.27,2
"ufVfJaBzpOmtCf8NrGQH","Ray Torres",1963,"Those line better","stem",6,171.71,1
"2bdmG9WBsQlLppfo1NLG","James Hodge",1919,"Worry not kitchen","self-help",1,204.95,2
"GHqLzoEFO0uLNhLu8P2z","David Winters",1984,"Concern","self-help",8,158.1,2
"rXR85nGSIqtKPXc5hpnd","Derek Wilson",1979,"Explain because hit","non-fiction",9,38.7,3
"tO0nXMgDoV5IOTbjpRJw","Tammy Leach",2008,"A address wish save","non-fiction",5,106.11,1
"we9nTDVr1pEhk82ptjhK","Vicki Simmons",1955,"East play leg any","biography",7,70.9,2
"6ZbLcgMc2C5nEzZNUusq","Brian Myers",2007,"During for since","biography",12,191.62,5
"ZQcIKTjINpxQdZHUaj6d","David Winters",1909,"Sure seek so common","stem",4,30.57,2
"mza3FyiPw0Wq9blpcDke","Ray Torres",1900,"Where different key","self-help",11,238.32,3
"CASb64wNATmUOb7KL8u5","Vicki Simmons",1983,"Anyone medical","biography",4,24.87,4
"cvHXZR5JvR16sEE11heE","Robert Herrera",1999,"Yeah focus sit","self-help",13,233.25,4
"pzCiJYYX6mDH11NA8BOk","Ray Torres",1945,"Blood light seven","self-help",3,247.64,5
"uYn9RbLczORnIjAigWCB","Tammy Leach",1978,"Skin address set","self-help",12,15.83,4
"6fHA9JLIofochtAr23ol","Brian Myers",1999,"Reason add lead","stem",11,166.27,3
"VCTAmBuWM3wLnWxaBVGX","Leah Kerr",1926,"Hundred buy fire","biography",16,116.03,5
"YlpbW0YdIxsQMfPT5lTS","Robert Herrera",1983,"Whether mother how","self-help",18,25.03,4
"WD7xnXgBHE34dBZ5jqub","Abigail Green",1963,"Administration","self-help",16,103.06,5
"ilb48pngHcr8TBZHamMW","Abigail Green",1906,"Design man once","biography",11,51.94,5
"j6DpjaO7XvbEOUcM5Bay","Veronica Williams",1914,"Resource air","biography",7,281.01,5
"kZxz7QqGa2vzqoxMOtLI","Tracie David",1985,"Need minute start","stem",8,281.14,4
"PbfCw3U0ooQTGEu2UeUx","Derek Wilson",1908,"Talk former type","fiction",7,269.56,2
"8lYTBpEzIq4ZYCbfKBVT","Vicki Simmons",2015,"By go what mission","non-fiction",3,188.26,1
"7DOwwBU7BVxXq1aJQHmM","Tracie David",1950,"Modern after best","fiction",17,86.27,4
"n8KnXrGam82dCzq6KT5w","Tammy Leach",2011,"Student range","fiction",6,92.54,4
"ZTXy87IurciQGxxc4zvi","Robert Herrera",2024,"Impact strategy","non-fiction",1,77.4,1
"G2tEp088eP8OiuqGTaSe","James Hodge",1910,"Building step","biography",11,195.23,1
"jwgqLan2z8D1TYsqPvHK","Leah Kerr",1998,"Example successful","self-help",17,35.72,3
"zHv7jAQkPIYhXYvlnOy9","Steven Sanchez",2003,"Protect top rock","non-fiction",14,131.78,4
"jHTOir4NUMlS8F8qHjhb","Abigail Green",1915,"Under common phone","non-fiction",5,65.73,3
"Ik2WaNF3MXQc9Kyfbmcq","Steven Sanchez",2009,"Perhaps stock","self-help",4,116.09,1
"d2tKQ9jNeOKAX5eiGieJ","Steven Sanchez",2016,"Southern soldier","biography",13,78.26,4
"CMNzQpbOmHVoxqoozNpV","Jeremy Murphy",1940,"Yet such focus","stem",9,33.78,5
"B5AMWiEMVURsiq8FC80q","James Hodge",1963,"Economic land order","stem",5,148.38,1
"MvZfW0cMmB9CmZ7xbsTl","Abigail Green",2008,"Possible kind bit","fiction",3,94.73,2
"UsTjq01N3aSt7rBOCuXT","Brian Myers",1938,"Ok without them","stem",4,215.35,5
"f82JmL3uxzgC9EBNIGye","Zachary Jacobson",1998,"Enjoy whose produce","stem",9,42.44,5
"gsDb1j9jGTLQ4YotUi1t","Abigail Green",2022,"Lot away free cover","fiction",0,249.46,2
"qsH18carRyIeNir5nNjJ","Elizabeth Mack",1904,"Use can message","fiction",5,213.41,1
"lNaZFkjbAr1bsfl7Kgl1","Tammy Leach",2003,"Wish hour ten","stem",8,53.28,2
"Nx4yFoklLx4McT6AwzLA","Brian Combs",1907,"Government big pull","stem",16,32.5,4
"oTFekZKNJRpGVQJ5NBg8","Robert Herrera",1971,"Economy someone","non-fiction",20,22.8,5
"ESxcGvTx7UiEigW9wpwU","Tammy Leach",1964,"Home more day","fiction",17,197.9,3
"KsllBZ1QY3FjPHXC20FM","Ray Torres",1937,"Finally take raise","fiction",0,56.74,1
"64g1rJmkZDnKprN5I6YP","Steven Sanchez",1917,"Data next charge","self-help",17,186.5,2
"dDnxqMmgVNUuCX6hNxGE","Brian Myers",1992,"Enough large center","biography",10,148.96,4
"HPJLR2nfssxe2qWHqSPQ","Derek Wilson",1953,"Everybody cultural","self-help",1,99.46,1
"j9zIRpDrlfENv07fFDvP","Steven Sanchez",1934,"Board usually","biography",12,37.75,1
"BHw4VjbBUVigXUIP6anR","David Winters",1937,"A strategy","non-fiction",11,134.22,4
"ABp86eQkvnnC90IJRDk2","Joseph Young",1943,"Pattern back dog","non-fiction",3,291.86,4
"c5qtd2oUfcVFLuED0ity","Brian Myers",2005,"Method impact score","stem",5,55.11,1
"axmc9iCDThhVNrP2uwTj","Abigail Green",1981,"Find action because","fiction",0,196.24,2
"Q3uwOePBsnyKtMjupT1e","Carolyn Wade",1981,"Market serious you","biography",6,167.5,4
"7plUwUIRg8rhudw19XHd","Joseph Young",1902,"This attack believe","stem",11,242.59,4
"FnqltAoLngJzbY8W11rA","Abigail Green",1936,"Impact usually","biography",20,274.48,5
"pVoMrbE3BPtWNby4QLz5","David Winters",1950,"Public assume","self-help",1,85.13,1
"OcBSnyXOSXzmc6grfROY","Steven Sanchez",1971,"Language difference","fiction",12,14.22,5
"tVBQmdfThI7BZu0Fqafp","Robert Herrera",2014,"Side break court","fiction",20,77.65,1
"S4zyQzzKGyhua5SUBFoL","Steven Sanchez",2001,"Vote student role","stem",2,287.76,3
"Vbw5rVyPRmJyqaSOEqSs","Tracie David",1951,"Some car usually","non-fiction",14,199.94,4
"MymgrBSHciOZHBoOpgfo","Jonathan Vaughan",1939,"Pass them ever","non-fiction",13,16.84,5
"0gsWYKnPEGh8LEVzYwVv","Ray Torres",1930,"Off down represent","fiction",10,102.32,2
"PmCMfEhOayM2LDFnWpdP","Brian Combs",1965,"Spend author mouth","non-fiction",10,140.76,5
"4apJ7nmXCIToTfVR2ye2","Elizabeth Mack",1999,"Between sea hundred","stem",9,92.32,3
"sDt3aVYtOQHW9JXdriij","Derek Wilson",1906,"Require program","fiction",10,226.78,1
"qpxfZO2UxjDpuNPsZ6cR","David Winters",1921,"Finish long under","self-help",8,254.26,5
"N0fGEUPtqbqw1Blr30kj","Derek Wilson",1962,"Know attorney","biography",2,14.71,3
"qkXOJlHtuFpbuDyq0QFZ","Derek Wilson",1916,"Reach quickly as","stem",1,156.1,1
"rQzlstQgIC5eVPLLsYni","Zachary Jacobson",1942,"Vote everything","biography",2,277.79,1
"zTqi0HOU7hBPRVoVdB4j","Robert Herrera",1975,"These similar many","stem",15,70.57,5
"qg01UakHJtgljOMwBCjY","Jeremy Murphy",1940,"Build up option","fiction",3,99.21,5
"UyHeRLkAO0hLF8mizH7A","Joseph Young",1934,"Early case","non-fiction",3,74.98,2
"yZVZEXP6KLbCSGyrAYZv","Robert Herrera",2011,"None edge choose","stem",6,96.7,2
"ovnbbdITplsnzELZ2QQn","Zachary Jacobson",1930,"Skin human spend","non-fiction",20,147.47,3
"aWQK5imjg8LWsU3tMPBy","Derek Wilson",1916,"Fine person ever","self-help",10,258.12,5
"IX39Wv0RhXy666Nml8qU","Brian Combs",1986,"Fall father","non-fiction",1,76.78,4
"RSLzARqK3d6YkvJ9nbQ6","Ray Torres",1943,"Material little","fiction",18,142.32,3
"YpdgdbhFvcMKqLFYrEYc","Robert Herrera",1933,"Hold kitchen mouth","non-fiction",12,44.72,4
"u61KkVwJaaPOPDTEtIae","Derek Wilson",1991,"Tell thing main","non-fiction",5,226.69,1
"L6Ujth1NflBdTIjGMgr3","Jeremy Murphy",2006,"Forward movement","fiction",15,116.39,2
"4AKBjwT7yPQ3IhSnvpkv","Joseph Young",1961,"City strategy cold","non-fiction",13,161.28,1
"vry4j6qVlJowRrEYpIl4","Brian Combs",1996,"Best card sister","stem",1,296.31,1
"WHPVTTTOWKGxi1mr7OjX","Brian Combs",1927,"Reach our keep","stem",9,251.31,5
"HabyjXCxMWagYPpGAEo6","Vicki Simmons",2009,"You able","non-fiction",5,136.49,5
"kyFHNG1gxrcSMtZ9iYJm","Carolyn Wade",1943,"Wonder impact","non-fiction",14,294.8,5
"MothAVrcRmBJZcZS4Eta","Brian Combs",1934,"Order PM wonder","stem",14,285.52,2
"QF7DNtHk9t7mmHcWQJZx","Joseph Young",1997,"Too ever sort such","non-fiction",7,294.19,5
"K8QBlOYjdxipTSCwAw32","Joseph Young",2000,"Treatment sell","self-help",13,98.04,4
"Jf4e7DKJzHELowHzQXA7","Veronica Williams",2003,"Each marriage","stem",11,172.86,3
"3vL95wi2EmOR5dF0PLoR","Jonathan Vaughan",1984,"Upon interesting","non-fiction",9,50.09,1
"TSBMW6IzKYFtw8wTTxwW","Derek Wilson",1935,"Other month relate","biography",9,67.79,5
"avNisiHNVuLadjMtEEeb","Jeremy Murphy",2011,"Try pull short vote","biography",8,41.04,4
"5UpLBAvvnHaZpLBNWhOK","Elizabeth Mack",2009,"Trip particular","fiction",15,185.47,2
"fQ1sP042azD4dqLy19li","Carolyn Wade",1909,"Cause hear music","self-help",14,39.62,5
"O4nxaPW0tX8ETpP4vrw0","Jonathan Vaughan",1927,"Site together","fiction",11,120.74,2
"I77RdV5DupCyyXQJqPwa","Abigail Green",1949,"Together building","biography",2,56.62,4
"gFXz1IKC5kE33ks8dvaY","Zachary Jacobson",1952,"Everyone happy","non-fiction",17,283.73,2
"lnVa6pDQiQZFYnm6uZ7b","Elizabeth Mack",1931,"Process involve","stem",0,77.37,3
"9jCZb86vZBWdHbtmMoID","Carolyn Wade",1907,"Serious control","biography",14,283.89,2
"JZaMbpdKPYaDJM9Lt9Pj","Carolyn Wade",1965,"Purpose member ever","fiction",4,290.42,2
"9bstJkjrEUE28HM6QZBc","James Hodge",1991,"Center evening","non-fiction",6,294.59,5
"9oKopqDjNEJOsDRSvXDc","Carolyn Wade",1957,"Activity ok build","stem",11,285.58,3
"9FKiB1Krds186MqSeSoz","Tracie David",1981,"Here window how","self-help",9,18.09,3
"y33FOuEJjY1VZKBBmug2","Robert Herrera",1922,"Worry conference","non-fiction",17,75.89,1
"AHtpILRzCDaqO5qlKWto","David Winters",2022,"Life always perhaps","self-help",12,70.75,3
"0vawkoX3VCKhwvzqwpSY","James Hodge",1935,"Green including","self-help",12,271.64,3
"LAV3JAOTQR7JaUvSzf3K","Leah Kerr",1907,"There she writer","stem",4,219.64,5
"OPdM5TXWBZ7aRoOkKFqM","Abigail Green",2018,"Movie you various","stem",18,253.26,4
"MaFPqPOUyPQFywbu1vgn","Vicki Simmons",1921,"End expert meeting","stem",0,94.79,2
"hByUjCfxsGIOP534ZuLv","Robert Herrera",1984,"It organization","biography",18,164.55,5
"7e3CFatS214BgW8HJRBw","Tracie David",1955,"Unit similar toward","self-help",10,60.95,3
"2BqwPjXnU2Xx3WOAneR7","Tracie David",2010,"Beat rule practice","biography",12,132.39,1
"zvhocLux5773zQo9ouvg","Jeremy Murphy",2017,"Summer successful","non-fiction",16,171.6,3
"2vkPRJwLbNbVtl4Qw4W6","Tracie David",1928,"Scientist scientist","self-help",4,262.13,1
"XyKPNTM2rsKfty45Ps98","Carolyn Wade",1955,"Write myself strong","stem",5,31.29,2
"PZPEhDwa5d8qRlqsjX2g","Ray Torres",1946,"Wide would charge","non-fiction",16,76.64,3
"v3OCvmKLykgp1IddYpEd","Tammy Leach",1949,"Share money almost","self-help",3,237.39,4
"qwpavRpunU4wWQxyxCe9","Abigail Green",1952,"Speak traditional","non-fiction",13,255.47,3
"DAqNFL3vhFGxLn8oCQkf","Joseph Young",1922,"Officer notice","self-help",10,19.28,3
"Qahk9PQntZu8zCagNMhB","Brian Combs",1969,"Public lawyer","biography",2,99.45,2
"wuS6LM7o0fE2FCIWh632","Tammy Leach",2014,"Them cover","stem",19,204.44,5
"bZcjLmcK3t0zil9aNDFI","Carolyn Wade",1979,"Expert same appear","stem",3,238.86,2
"VHkx57SuhyhkTl74W96j","Derek Wilson",2005,"Happy dinner pull","stem",8,168.48,5
"OK9a7LP6oSDVrBTOXP1j","Abigail Green",1971,"Management","fiction",19,181.09,4
"CXr5nXmLL9YSnaHyWI9n","Brian Combs",1977,"Firm before","self-help",8,24.98,3
"GgolrF1VFESISqb7eG3M","Zachary Jacobson",1952,"Bring discussion","non-fiction",17,289.92,1
"sGbeIvA8AF0IjxcALLIT","James Hodge",1953,"Thus phone analysis","self-help",16,103.68,5
"8QfJRqLiqyR5HkxHyTOc","Abigail Green",1978,"Number bar begin","biography",1,253.0,1
"8F4FZDjF51fXCdTue8aN","Veronica Williams",2004,"Change tax today","non-fiction",9,223.69,3
"hPASuzWmi9rHYsWwwWi3","Brian Combs",1958,"Look market save","stem",9,203.62,2
"z4qgRRwmjcfh4JTYZMih","James Hodge",1990,"In adult image sign","self-help",19,121.05,5
